timestamp,elapsed_s,phase,target_rate,vertex_name,parallelism,slot_usage,in_rate,out_rate,busy_ratio
2026-04-02 10:16:19,0.0,phase_1,2000,Source: RocketMQ-Source,6,6,0.0,0.0,0.0
2026-04-02 10:16:19,0.0,phase_1,2000,Watermark-Assigner,6,6,0.0,0.0,0.0
2026-04-02 10:16:19,0.0,phase_1,2000,Hardware-Filter,6,6,0.0,0.0,0.0
2026-04-02 10:16:19,0.0,phase_1,2000,Signal-Extraction,6,6,0.0,0.0,0.0
2026-04-02 10:16:19,0.0,phase_1,2000,Feature-Extraction,6,6,0.0,0.0,0.0
2026-04-02 10:16:19,0.0,phase_1,2000,Grid-Aggregation,6,6,0.0,0.0,0.0
2026-04-02 10:16:19,0.0,phase_1,2000,Sink: GridSummary-Sink,3,6,0.0,0.0,0.0
2026-04-02 10:16:19,0.0,phase_1,2000,Sink: EventFeature-Sink,3,6,0.0,0.0,0.0
2026-04-02 10:16:24,5.0,phase_1,2000,Source: RocketMQ-Source,6,6,0.0,0.0,0.0
2026-04-02 10:16:24,5.0,phase_1,2000,Watermark-Assigner,6,6,0.0,0.0,0.0
2026-04-02 10:16:24,5.0,phase_1,2000,Hardware-Filter,6,6,0.0,0.0,0.0
2026-04-02 10:16:24,5.0,phase_1,2000,Signal-Extraction,6,6,0.0,0.0,0.0
2026-04-02 10:16:24,5.0,phase_1,2000,Feature-Extraction,6,6,0.0,0.0,0.0
2026-04-02 10:16:24,5.0,phase_1,2000,Grid-Aggregation,6,6,0.0,0.0,0.0
2026-04-02 10:16:24,5.0,phase_1,2000,Sink: GridSummary-Sink,3,6,0.0,0.0,0.0
2026-04-02 10:16:24,5.0,phase_1,2000,Sink: EventFeature-Sink,3,6,0.0,0.0,0.0
2026-04-02 10:16:29,10.1,phase_1,2000,Source: RocketMQ-Source,6,6,0.0,0.0,0.0
2026-04-02 10:16:29,10.1,phase_1,2000,Watermark-Assigner,6,6,0.0,0.0,0.0
2026-04-02 10:16:29,10.1,phase_1,2000,Hardware-Filter,6,6,0.0,0.0,0.0
2026-04-02 10:16:29,10.1,phase_1,2000,Signal-Extraction,6,6,301.35,301.35,0.0
2026-04-02 10:16:29,10.1,phase_1,2000,Feature-Extraction,6,6,866.42,866.42,0.0
2026-04-02 10:16:29,10.1,phase_1,2000,Grid-Aggregation,6,6,930.91,0.0,0.0
2026-04-02 10:16:29,10.1,phase_1,2000,Sink: GridSummary-Sink,3,6,0.0,0.0,0.0
2026-04-02 10:16:29,10.1,phase_1,2000,Sink: EventFeature-Sink,3,6,555.92,0.0,0.0
2026-04-02 10:16:34,15.1,phase_1,2000,Source: RocketMQ-Source,6,6,0.0,1901.07,0.0
2026-04-02 10:16:34,15.1,phase_1,2000,Watermark-Assigner,6,6,1891.95,1891.95,0.0085
2026-04-02 10:16:34,15.1,phase_1,2000,Hardware-Filter,6,6,1876.28,1876.28,0.0
2026-04-02 10:16:34,15.1,phase_1,2000,Signal-Extraction,6,6,1395.96,1395.96,0.0
2026-04-02 10:16:34,15.1,phase_1,2000,Feature-Extraction,6,6,816.67,816.67,0.0
2026-04-02 10:16:34,15.1,phase_1,2000,Grid-Aggregation,6,6,733.97,0.0,0.0
2026-04-02 10:16:34,15.1,phase_1,2000,Sink: GridSummary-Sink,3,6,0.0,0.0,0.0
2026-04-02 10:16:34,15.1,phase_1,2000,Sink: EventFeature-Sink,3,6,1112.96,0.0,0.0
2026-04-02 10:16:39,20.1,phase_1,2000,Source: RocketMQ-Source,6,6,0.0,0.0,0.0
2026-04-02 10:16:39,20.1,phase_1,2000,Watermark-Assigner,6,6,0.0,0.0,0.0
2026-04-02 10:16:39,20.1,phase_1,2000,Hardware-Filter,6,6,3952.19,3952.19,0.0
2026-04-02 10:16:39,20.1,phase_1,2000,Signal-Extraction,6,6,3556.75,3556.75,0.0
2026-04-02 10:16:39,20.1,phase_1,2000,Feature-Extraction,6,6,3563.92,3563.92,0.0
2026-04-02 10:16:39,20.1,phase_1,2000,Grid-Aggregation,6,6,3550.38,147.94,0.0
2026-04-02 10:16:39,20.1,phase_1,2000,Sink: GridSummary-Sink,3,6,147.94,0.0,0.0
2026-04-02 10:16:39,20.1,phase_1,2000,Sink: EventFeature-Sink,3,6,3546.0,0.0,0.0
2026-04-02 10:16:44,25.2,phase_1,2000,Source: RocketMQ-Source,6,6,0.0,3934.2,0.0
2026-04-02 10:16:44,25.2,phase_1,2000,Watermark-Assigner,6,6,3940.95,3940.95,0.1032
2026-04-02 10:16:44,25.2,phase_1,2000,Hardware-Filter,6,6,0.0,0.0,0.0
2026-04-02 10:16:44,25.2,phase_1,2000,Signal-Extraction,6,6,0.0,0.0,0.0
2026-04-02 10:16:44,25.2,phase_1,2000,Feature-Extraction,6,6,0.0,0.0,0.0
2026-04-02 10:16:44,25.2,phase_1,2000,Grid-Aggregation,6,6,0.0,0.0,0.0
2026-04-02 10:16:44,25.2,phase_1,2000,Sink: GridSummary-Sink,3,6,0.0,0.0,0.0
2026-04-02 10:16:44,25.2,phase_1,2000,Sink: EventFeature-Sink,3,6,0.0,0.0,0.0
2026-04-02 10:16:49,30.2,phase_1,2000,Source: RocketMQ-Source,6,6,0.0,0.0,0.0
2026-04-02 10:16:49,30.2,phase_1,2000,Watermark-Assigner,6,6,0.0,0.0,0.0
2026-04-02 10:16:49,30.2,phase_1,2000,Hardware-Filter,6,6,2031.24,2031.24,0.0262
2026-04-02 10:16:49,30.2,phase_1,2000,Signal-Extraction,6,6,3556.61,3556.61,0.0
2026-04-02 10:16:49,30.2,phase_1,2000,Feature-Extraction,6,6,3557.21,3557.21,0.0
2026-04-02 10:16:49,30.2,phase_1,2000,Grid-Aggregation,6,6,3559.8,199.32,0.0
2026-04-02 10:16:49,30.2,phase_1,2000,Sink: GridSummary-Sink,3,6,199.32,0.0,0.0
2026-04-02 10:16:49,30.2,phase_1,2000,Sink: EventFeature-Sink,3,6,3561.59,0.0,0.0
2026-04-02 10:16:54,35.2,phase_1,2000,Source: RocketMQ-Source,6,6,0.0,3958.52,0.0
2026-04-02 10:16:54,35.2,phase_1,2000,Watermark-Assigner,6,6,3954.74,3954.74,0.1183
2026-04-02 10:16:54,35.2,phase_1,2000,Hardware-Filter,6,6,1922.77,1922.77,0.0
2026-04-02 10:16:54,35.2,phase_1,2000,Signal-Extraction,6,6,0.0,0.0,0.0
2026-04-02 10:16:54,35.2,phase_1,2000,Feature-Extraction,6,6,0.0,0.0,0.0
2026-04-02 10:16:54,35.2,phase_1,2000,Grid-Aggregation,6,6,0.0,0.0,0.0
2026-04-02 10:16:54,35.2,phase_1,2000,Sink: GridSummary-Sink,3,6,0.0,0.0,0.0
2026-04-02 10:16:54,35.2,phase_1,2000,Sink: EventFeature-Sink,3,6,0.0,0.0,0.0
2026-04-02 10:16:59,40.2,phase_1,2000,Source: RocketMQ-Source,6,6,0.0,0.0,0.0
2026-04-02 10:16:59,40.2,phase_1,2000,Watermark-Assigner,6,6,0.0,0.0,0.0
2026-04-02 10:16:59,40.2,phase_1,2000,Hardware-Filter,6,6,1320.48,1320.48,0.0329
2026-04-02 10:16:59,40.2,phase_1,2000,Signal-Extraction,6,6,3552.3,3552.3,0.0037
2026-04-02 10:16:59,40.2,phase_1,2000,Feature-Extraction,6,6,3549.11,3549.11,0.0
2026-04-02 10:16:59,40.2,phase_1,2000,Grid-Aggregation,6,6,3559.07,199.29,0.0
2026-04-02 10:16:59,40.2,phase_1,2000,Sink: GridSummary-Sink,3,6,199.29,0.0,0.0
2026-04-02 10:16:59,40.2,phase_1,2000,Sink: EventFeature-Sink,3,6,3549.11,0.0,0.0
2026-04-02 10:17:04,45.3,phase_1,2000,Source: RocketMQ-Source,6,6,0.0,3937.9,0.0
2026-04-02 10:17:04,45.3,phase_1,2000,Watermark-Assigner,6,6,3936.31,3936.31,0.1172
2026-04-02 10:17:04,45.3,phase_1,2000,Hardware-Filter,6,6,2622.28,2622.28,0.0257
2026-04-02 10:17:04,45.3,phase_1,2000,Signal-Extraction,6,6,0.0,0.0,0.0
2026-04-02 10:17:04,45.3,phase_1,2000,Feature-Extraction,6,6,0.0,0.0,0.0
2026-04-02 10:17:04,45.3,phase_1,2000,Grid-Aggregation,6,6,0.0,0.0,0.0
2026-04-02 10:17:04,45.3,phase_1,2000,Sink: GridSummary-Sink,3,6,0.0,0.0,0.0
2026-04-02 10:17:04,45.3,phase_1,2000,Sink: EventFeature-Sink,3,6,0.0,0.0,0.0
2026-04-02 10:17:09,50.3,phase_1,2000,Source: RocketMQ-Source,6,6,0.0,0.0,0.0
2026-04-02 10:17:09,50.3,phase_1,2000,Watermark-Assigner,6,6,0.0,0.0,0.0
2026-04-02 10:17:09,50.3,phase_1,2000,Hardware-Filter,6,6,0.0,0.0,0.0
2026-04-02 10:17:09,50.3,phase_1,2000,Signal-Extraction,6,6,3545.59,3545.59,0.0166
2026-04-02 10:17:09,50.3,phase_1,2000,Feature-Extraction,6,6,3554.95,3554.95,0.0
2026-04-02 10:17:09,50.3,phase_1,2000,Grid-Aggregation,6,6,3547.18,199.27,0.0
2026-04-02 10:17:09,50.3,phase_1,2000,Sink: GridSummary-Sink,3,6,199.27,0.0,0.0
2026-04-02 10:17:09,50.3,phase_1,2000,Sink: EventFeature-Sink,3,6,3550.17,0.0,0.0
2026-04-02 10:17:14,55.3,phase_1,2000,Source: RocketMQ-Source,6,6,0.0,3932.81,0.0
2026-04-02 10:17:14,55.3,phase_1,2000,Watermark-Assigner,6,6,3933.21,3933.21,0.1227
2026-04-02 10:17:14,55.3,phase_1,2000,Hardware-Filter,6,6,3929.63,3929.63,0.0599
2026-04-02 10:17:14,55.3,phase_1,2000,Signal-Extraction,6,6,0.0,0.0,0.0
2026-04-02 10:17:14,55.3,phase_1,2000,Feature-Extraction,6,6,0.0,0.0,0.0
2026-04-02 10:17:14,55.3,phase_1,2000,Grid-Aggregation,6,6,0.0,0.0,0.0
2026-04-02 10:17:14,55.3,phase_1,2000,Sink: GridSummary-Sink,3,6,0.0,0.0,0.0
2026-04-02 10:17:14,55.3,phase_1,2000,Sink: EventFeature-Sink,3,6,0.0,0.0,0.0
2026-04-02 10:17:19,60.3,phase_1,2000,Source: RocketMQ-Source,6,6,0.0,0.0,0.0
2026-04-02 10:17:19,60.3,phase_1,2000,Watermark-Assigner,6,6,0.0,0.0,0.0
2026-04-02 10:17:19,60.3,phase_1,2000,Hardware-Filter,6,6,1324.2,1324.2,0.0319
2026-04-02 10:17:19,60.3,phase_1,2000,Signal-Extraction,6,6,3562.66,3562.66,0.0209
2026-04-02 10:17:19,60.3,phase_1,2000,Feature-Extraction,6,6,3554.7,3554.7,0.0
2026-04-02 10:17:19,60.3,phase_1,2000,Grid-Aggregation,6,6,3575.2,199.1,0.0
2026-04-02 10:17:19,60.3,phase_1,2000,Sink: GridSummary-Sink,3,6,199.1,0.0,0.0
2026-04-02 10:17:19,60.3,phase_1,2000,Sink: EventFeature-Sink,3,6,3570.03,0.0,0.0
2026-04-02 10:17:24,65.4,phase_1,2000,Source: RocketMQ-Source,6,6,0.0,3934.28,0.0
2026-04-02 10:17:24,65.4,phase_1,2000,Watermark-Assigner,6,6,3936.66,3936.66,0.1188
2026-04-02 10:17:24,65.4,phase_1,2000,Hardware-Filter,6,6,2626.23,2626.23,0.0252
2026-04-02 10:17:24,65.4,phase_1,2000,Signal-Extraction,6,6,0.0,0.0,0.0
2026-04-02 10:17:24,65.4,phase_1,2000,Feature-Extraction,6,6,0.0,0.0,0.0
2026-04-02 10:17:24,65.4,phase_1,2000,Grid-Aggregation,6,6,0.0,0.0,0.0
2026-04-02 10:17:24,65.4,phase_1,2000,Sink: GridSummary-Sink,3,6,0.0,0.0,0.0
2026-04-02 10:17:24,65.4,phase_1,2000,Sink: EventFeature-Sink,3,6,0.0,0.0,0.0
2026-04-02 10:17:30,70.4,phase_1,2000,Source: RocketMQ-Source,6,6,0.0,0.0,0.0
2026-04-02 10:17:30,70.4,phase_1,2000,Watermark-Assigner,6,6,0.0,0.0,0.0
2026-04-02 10:17:30,70.4,phase_1,2000,Hardware-Filter,6,6,0.0,0.0,0.0
2026-04-02 10:17:30,70.4,phase_1,2000,Signal-Extraction,6,6,0.0,0.0,0.0
2026-04-02 10:17:30,70.4,phase_1,2000,Feature-Extraction,6,6,0.0,0.0,0.0
2026-04-02 10:17:30,70.4,phase_1,2000,Grid-Aggregation,6,6,0.0,0.0,0.0
2026-04-02 10:17:30,70.4,phase_1,2000,Sink: GridSummary-Sink,3,6,0.0,0.0,0.0
2026-04-02 10:17:30,70.4,phase_1,2000,Sink: EventFeature-Sink,3,6,0.0,0.0,0.0
2026-04-02 10:17:35,75.4,phase_1,2000,Source: RocketMQ-Source,6,6,0.0,0.0,0.0
2026-04-02 10:17:35,75.4,phase_1,2000,Watermark-Assigner,6,6,0.0,0.0,0.0
2026-04-02 10:17:35,75.4,phase_1,2000,Hardware-Filter,6,6,0.0,0.0,0.0
2026-04-02 10:17:35,75.4,phase_1,2000,Signal-Extraction,6,6,0.0,0.0,0.0
2026-04-02 10:17:35,75.4,phase_1,2000,Feature-Extraction,6,6,0.0,0.0,0.0
2026-04-02 10:17:35,75.4,phase_1,2000,Grid-Aggregation,6,6,0.0,0.0,0.0
2026-04-02 10:17:35,75.4,phase_1,2000,Sink: GridSummary-Sink,3,6,0.0,0.0,0.0
2026-04-02 10:17:35,75.4,phase_1,2000,Sink: EventFeature-Sink,3,6,0.0,0.0,0.0
2026-04-02 10:17:40,80.4,phase_1,2000,Source: RocketMQ-Source,6,6,0.0,0.0,0.0
2026-04-02 10:17:40,80.4,phase_1,2000,Watermark-Assigner,6,6,0.0,0.0,0.0
2026-04-02 10:17:40,80.4,phase_1,2000,Hardware-Filter,6,6,0.0,0.0,0.0
2026-04-02 10:17:40,80.4,phase_1,2000,Signal-Extraction,6,6,0.0,0.0,0.0
2026-04-02 10:17:40,80.4,phase_1,2000,Feature-Extraction,6,6,0.0,0.0,0.0
2026-04-02 10:17:40,80.4,phase_1,2000,Grid-Aggregation,6,6,0.0,0.0,0.0
2026-04-02 10:17:40,80.4,phase_1,2000,Sink: GridSummary-Sink,3,6,0.0,0.0,0.0
2026-04-02 10:17:40,80.4,phase_1,2000,Sink: EventFeature-Sink,3,6,0.0,0.0,0.0
2026-04-02 10:17:45,85.5,phase_1,2000,Source: RocketMQ-Source,6,6,0.0,3503.25,0.0
2026-04-02 10:17:45,85.5,phase_1,2000,Watermark-Assigner,6,6,3508.23,3508.23,0.0888
2026-04-02 10:17:45,85.5,phase_1,2000,Hardware-Filter,6,6,3518.39,3518.39,0.0
2026-04-02 10:17:45,85.5,phase_1,2000,Signal-Extraction,6,6,3170.5,3170.5,0.0
2026-04-02 10:17:45,85.5,phase_1,2000,Feature-Extraction,6,6,3180.86,3180.86,0.0
2026-04-02 10:17:45,85.5,phase_1,2000,Grid-Aggregation,6,6,3187.63,179.33,0.0
2026-04-02 10:17:45,85.5,phase_1,2000,Sink: GridSummary-Sink,3,6,179.33,0.0,0.0
2026-04-02 10:17:45,85.5,phase_1,2000,Sink: EventFeature-Sink,3,6,3197.0,0.0,0.0
2026-04-02 10:17:50,90.5,phase_1,2000,Source: RocketMQ-Source,6,6,0.0,0.0,0.0
2026-04-02 10:17:50,90.5,phase_1,2000,Watermark-Assigner,6,6,0.0,0.0,0.0015
2026-04-02 10:17:50,90.5,phase_1,2000,Hardware-Filter,6,6,0.0,0.0,0.0127
2026-04-02 10:17:50,90.5,phase_1,2000,Signal-Extraction,6,6,0.0,0.0,0.0
2026-04-02 10:17:50,90.5,phase_1,2000,Feature-Extraction,6,6,0.0,0.0,0.0
2026-04-02 10:17:50,90.5,phase_1,2000,Grid-Aggregation,6,6,0.0,0.0,0.0
2026-04-02 10:17:50,90.5,phase_1,2000,Sink: GridSummary-Sink,3,6,0.0,0.0,0.0
2026-04-02 10:17:50,90.5,phase_1,2000,Sink: EventFeature-Sink,3,6,0.0,0.0,0.0
2026-04-02 10:17:55,95.5,phase_1,2000,Source: RocketMQ-Source,6,6,0.0,0.0,0.0
2026-04-02 10:17:55,95.5,phase_1,2000,Watermark-Assigner,6,6,0.0,0.0,0.0
2026-04-02 10:17:55,95.5,phase_1,2000,Hardware-Filter,6,6,0.0,0.0,0.0
2026-04-02 10:17:55,95.5,phase_1,2000,Signal-Extraction,6,6,0.0,0.0,0.0
2026-04-02 10:17:55,95.5,phase_1,2000,Feature-Extraction,6,6,32.48,32.48,0.0
2026-04-02 10:17:55,95.5,phase_1,2000,Grid-Aggregation,6,6,52.21,298.89,0.0
2026-04-02 10:17:55,95.5,phase_1,2000,Sink: GridSummary-Sink,3,6,298.89,0.0,0.0
2026-04-02 10:17:55,95.5,phase_1,2000,Sink: EventFeature-Sink,3,6,50.41,0.0,0.0
2026-04-02 10:18:00,100.5,phase_1,2000,Source: RocketMQ-Source,6,6,0.0,536.47,0.0
2026-04-02 10:18:00,100.5,phase_1,2000,Watermark-Assigner,6,6,531.71,531.71,0.0
2026-04-02 10:18:00,100.5,phase_1,2000,Hardware-Filter,6,6,511.44,511.44,0.0
2026-04-02 10:18:00,100.5,phase_1,2000,Signal-Extraction,6,6,94.18,94.18,0.0
2026-04-02 10:18:00,100.5,phase_1,2000,Feature-Extraction,6,6,40.73,40.73,0.0
2026-04-02 10:18:00,100.5,phase_1,2000,Grid-Aggregation,6,6,0.0,0.0,0.0
2026-04-02 10:18:00,100.5,phase_1,2000,Sink: GridSummary-Sink,3,6,0.0,0.0,0.0
2026-04-02 10:18:00,100.5,phase_1,2000,Sink: EventFeature-Sink,3,6,0.0,0.0,0.0
2026-04-02 10:18:10,110.6,phase_1,2000,Signal-Extraction,3,5,0.0,0.0,0.0021
2026-04-02 10:18:10,110.6,phase_1,2000,Feature-Extraction,3,5,0.0,0.0,0.0022
2026-04-02 10:18:10,110.6,phase_1,2000,Grid-Aggregation,3,5,0.0,0.0,0.0027
2026-04-02 10:18:10,110.6,phase_1,2000,Sink: GridSummary-Sink,3,5,0.0,0.0,1.0
2026-04-02 10:18:10,110.6,phase_1,2000,Sink: EventFeature-Sink,3,5,0.0,0.0,1.0
2026-04-02 10:18:15,115.6,phase_1,2000,Source: RocketMQ-Source,5,5,0.0,0.0,0.0
2026-04-02 10:18:15,115.6,phase_1,2000,Watermark-Assigner,5,5,0.0,0.0,0.0
2026-04-02 10:18:15,115.6,phase_1,2000,Hardware-Filter,3,5,0.0,0.0,0.0
2026-04-02 10:18:15,115.6,phase_1,2000,Signal-Extraction,3,5,0.0,0.0,0.0
2026-04-02 10:18:15,115.6,phase_1,2000,Feature-Extraction,3,5,0.0,0.0,0.0
2026-04-02 10:18:15,115.6,phase_1,2000,Grid-Aggregation,3,5,0.0,0.0,0.0
2026-04-02 10:18:15,115.6,phase_1,2000,Sink: GridSummary-Sink,3,5,0.0,0.0,0.0
2026-04-02 10:18:15,115.6,phase_1,2000,Sink: EventFeature-Sink,3,5,0.0,0.0,0.0
2026-04-02 10:18:20,120.6,phase_1,2000,Source: RocketMQ-Source,5,5,0.0,0.0,0.0
2026-04-02 10:18:20,120.6,phase_1,2000,Watermark-Assigner,5,5,0.0,0.0,0.0
2026-04-02 10:18:20,120.6,phase_1,2000,Hardware-Filter,3,5,2493.96,2493.96,0.1142
2026-04-02 10:18:20,120.6,phase_1,2000,Signal-Extraction,3,5,5081.68,5081.88,0.3632
2026-04-02 10:18:20,120.6,phase_1,2000,Feature-Extraction,3,5,5057.39,5057.39,0.0225
2026-04-02 10:18:20,120.6,phase_1,2000,Grid-Aggregation,3,5,5047.84,0.0,0.035
2026-04-02 10:18:20,120.6,phase_1,2000,Sink: GridSummary-Sink,3,5,0.0,0.0,0.0
2026-04-02 10:18:20,120.6,phase_1,2000,Sink: EventFeature-Sink,3,5,5038.29,0.0,0.0
2026-04-02 10:18:25,125.6,phase_1,2000,Source: RocketMQ-Source,5,5,0.0,7427.39,0.0
2026-04-02 10:18:25,125.6,phase_1,2000,Watermark-Assigner,5,5,7420.23,7420.23,0.3863
2026-04-02 10:18:25,125.6,phase_1,2000,Hardware-Filter,3,5,4919.33,4919.33,0.5173
2026-04-02 10:18:25,125.6,phase_1,2000,Signal-Extraction,3,5,0.0,0.0,0.0
2026-04-02 10:18:25,125.6,phase_1,2000,Feature-Extraction,3,5,0.0,0.0,0.0
2026-04-02 10:18:25,125.6,phase_1,2000,Grid-Aggregation,3,5,0.0,0.0,0.0
2026-04-02 10:18:25,125.6,phase_1,2000,Sink: GridSummary-Sink,3,5,0.0,0.0,0.0
2026-04-02 10:18:25,125.6,phase_1,2000,Sink: EventFeature-Sink,3,5,0.0,0.0,0.0
2026-04-02 10:18:30,130.7,phase_1,2000,Source: RocketMQ-Source,5,5,0.0,0.0,0.0
2026-04-02 10:18:30,130.7,phase_1,2000,Watermark-Assigner,5,5,0.0,0.0,0.0
2026-04-02 10:18:30,130.7,phase_1,2000,Hardware-Filter,3,5,3939.69,3939.49,0.2299
2026-04-02 10:18:30,130.7,phase_1,2000,Signal-Extraction,3,5,3547.33,3547.13,0.1481
2026-04-02 10:18:30,130.7,phase_1,2000,Feature-Extraction,3,5,3563.26,3563.26,0.0
2026-04-02 10:18:30,130.7,phase_1,2000,Grid-Aggregation,3,5,3553.7,0.0,0.0031
2026-04-02 10:18:30,130.7,phase_1,2000,Sink: GridSummary-Sink,3,5,0.0,0.0,0.0
2026-04-02 10:18:30,130.7,phase_1,2000,Sink: EventFeature-Sink,3,5,3565.45,0.0,0.0
2026-04-02 10:18:35,135.7,phase_1,2000,Source: RocketMQ-Source,5,5,0.0,3935.78,0.0
2026-04-02 10:18:35,135.7,phase_1,2000,Watermark-Assigner,5,5,3937.97,3937.97,0.1455
2026-04-02 10:18:35,135.7,phase_1,2000,Hardware-Filter,3,5,0.0,0.0,0.0
2026-04-02 10:18:35,135.7,phase_1,2000,Signal-Extraction,3,5,0.0,0.0,0.0
2026-04-02 10:18:35,135.7,phase_1,2000,Feature-Extraction,3,5,0.0,0.0,0.0
2026-04-02 10:18:35,135.7,phase_1,2000,Grid-Aggregation,3,5,0.0,0.0,0.0
2026-04-02 10:18:35,135.7,phase_1,2000,Sink: GridSummary-Sink,3,5,0.0,0.0,0.0
2026-04-02 10:18:35,135.7,phase_1,2000,Sink: EventFeature-Sink,3,5,0.0,0.0,0.0
2026-04-02 10:18:40,140.7,phase_1,2000,Source: RocketMQ-Source,5,5,0.0,0.0,0.0
2026-04-02 10:18:40,140.7,phase_1,2000,Watermark-Assigner,5,5,0.0,0.0,0.0
2026-04-02 10:18:40,140.7,phase_1,2000,Hardware-Filter,3,5,0.0,0.0,0.0
2026-04-02 10:18:40,140.7,phase_1,2000,Signal-Extraction,3,5,2462.37,2462.37,0.0886
2026-04-02 10:18:40,140.7,phase_1,2000,Feature-Extraction,3,5,2460.97,2460.97,0.0
2026-04-02 10:18:40,140.7,phase_1,2000,Grid-Aggregation,3,5,2751.32,0.0,0.0076
2026-04-02 10:18:40,140.7,phase_1,2000,Sink: GridSummary-Sink,3,5,0.0,0.0,0.0
2026-04-02 10:18:40,140.7,phase_1,2000,Sink: EventFeature-Sink,3,5,2470.72,0.0,0.0
2026-04-02 10:18:45,145.8,phase_1,2000,Source: RocketMQ-Source,5,5,0.0,3951.99,0.0
2026-04-02 10:18:45,145.8,phase_1,2000,Watermark-Assigner,5,5,3951.79,3951.79,0.1392
2026-04-02 10:18:45,145.8,phase_1,2000,Hardware-Filter,3,5,3951.39,3951.59,0.2305
2026-04-02 10:18:45,145.8,phase_1,2000,Signal-Extraction,3,5,1091.91,1091.91,0.0581
2026-04-02 10:18:45,145.8,phase_1,2000,Feature-Extraction,3,5,1091.12,1091.12,0.0043
2026-04-02 10:18:45,145.8,phase_1,2000,Grid-Aggregation,3,5,819.98,0.0,0.0041
2026-04-02 10:18:45,145.8,phase_1,2000,Sink: GridSummary-Sink,3,5,0.0,0.0,0.0
2026-04-02 10:18:45,145.8,phase_1,2000,Sink: EventFeature-Sink,3,5,1098.27,0.0,0.0
2026-04-02 10:18:50,150.8,phase_1,2000,Source: RocketMQ-Source,5,5,0.0,0.0,0.0
2026-04-02 10:18:50,150.8,phase_1,2000,Watermark-Assigner,5,5,0.0,0.0,0.0
2026-04-02 10:18:50,150.8,phase_1,2000,Hardware-Filter,3,5,0.0,0.0,0.0
2026-04-02 10:18:50,150.8,phase_1,2000,Signal-Extraction,3,5,0.0,0.0,0.0
2026-04-02 10:18:50,150.8,phase_1,2000,Feature-Extraction,3,5,0.0,0.0,0.0
2026-04-02 10:18:50,150.8,phase_1,2000,Grid-Aggregation,3,5,811.58,224.34,0.0067
2026-04-02 10:18:50,150.8,phase_1,2000,Sink: GridSummary-Sink,3,5,565.73,0.0,0.0
2026-04-02 10:18:50,150.8,phase_1,2000,Sink: EventFeature-Sink,3,5,3534.15,0.0,0.0014
2026-04-02 10:18:55,155.8,phase_1,2000,Source: RocketMQ-Source,5,5,0.0,3927.35,0.0
2026-04-02 10:18:55,155.8,phase_1,2000,Watermark-Assigner,5,5,3925.36,3925.36,0.1572
2026-04-02 10:18:55,155.8,phase_1,2000,Hardware-Filter,3,5,3928.94,3928.94,0.2545
2026-04-02 10:18:55,155.8,phase_1,2000,Signal-Extraction,3,5,3539.04,3539.04,0.1543
2026-04-02 10:18:55,155.8,phase_1,2000,Feature-Extraction,3,5,3536.06,3536.06,0.0019
2026-04-02 10:18:55,155.8,phase_1,2000,Grid-Aggregation,3,5,2718.55,749.02,0.0111
2026-04-02 10:18:55,155.8,phase_1,2000,Sink: GridSummary-Sink,3,5,408.56,0.0,0.0
2026-04-02 10:18:55,155.8,phase_1,2000,Sink: EventFeature-Sink,3,5,0.0,0.0,0.0
2026-04-02 10:19:00,160.8,phase_1,2000,Source: RocketMQ-Source,5,5,0.0,0.0,0.0
2026-04-02 10:19:00,160.8,phase_1,2000,Watermark-Assigner,5,5,0.0,0.0,0.0
2026-04-02 10:19:00,160.8,phase_1,2000,Hardware-Filter,3,5,2536.32,2536.32,0.141
2026-04-02 10:19:00,160.8,phase_1,2000,Signal-Extraction,3,5,3558.34,3558.34,0.141
2026-04-02 10:19:00,160.8,phase_1,2000,Feature-Extraction,3,5,3555.75,3555.75,0.0
2026-04-02 10:19:00,160.8,phase_1,2000,Grid-Aggregation,3,5,3544.2,199.22,0.0093
2026-04-02 10:19:00,160.8,phase_1,2000,Sink: GridSummary-Sink,3,5,199.22,0.0,0.0
2026-04-02 10:19:00,160.8,phase_1,2000,Sink: EventFeature-Sink,3,5,3539.61,0.0,0.0
2026-04-02 10:19:05,165.9,phase_1,2000,Source: RocketMQ-Source,5,5,0.0,3940.18,0.0
2026-04-02 10:19:05,165.9,phase_1,2000,Watermark-Assigner,5,5,3941.57,3941.57,0.1355
2026-04-02 10:19:05,165.9,phase_1,2000,Hardware-Filter,3,5,1412.23,1412.23,0.0848
2026-04-02 10:19:05,165.9,phase_1,2000,Signal-Extraction,3,5,0.0,0.0,0.0
2026-04-02 10:19:05,165.9,phase_1,2000,Feature-Extraction,3,5,0.0,0.0,0.0
2026-04-02 10:19:05,165.9,phase_1,2000,Grid-Aggregation,3,5,0.0,0.0,0.0
2026-04-02 10:19:05,165.9,phase_1,2000,Sink: GridSummary-Sink,3,5,0.0,0.0,0.0
2026-04-02 10:19:05,165.9,phase_1,2000,Sink: EventFeature-Sink,3,5,0.0,0.0,0.0
2026-04-02 10:19:10,170.9,phase_1,2000,Source: RocketMQ-Source,5,5,0.0,0.0,0.0
2026-04-02 10:19:10,170.9,phase_1,2000,Watermark-Assigner,5,5,0.0,0.0,0.0
2026-04-02 10:19:10,170.9,phase_1,2000,Hardware-Filter,3,5,0.0,0.0,0.0
2026-04-02 10:19:10,170.9,phase_1,2000,Signal-Extraction,3,5,1203.12,1203.12,0.0383
2026-04-02 10:19:10,170.9,phase_1,2000,Feature-Extraction,3,5,3575.08,3575.08,0.0
2026-04-02 10:19:10,170.9,phase_1,2000,Grid-Aggregation,3,5,3568.91,199.22,0.0055
2026-04-02 10:19:10,170.9,phase_1,2000,Sink: GridSummary-Sink,3,5,199.22,0.0,0.0
2026-04-02 10:19:10,170.9,phase_1,2000,Sink: EventFeature-Sink,3,5,3585.44,0.0,0.0
2026-04-02 10:19:15,175.9,phase_1,2000,Source: RocketMQ-Source,5,5,0.0,3937.17,0.0
2026-04-02 10:19:15,175.9,phase_1,2000,Watermark-Assigner,5,5,3937.96,3937.96,0.14
2026-04-02 10:19:15,175.9,phase_1,2000,Hardware-Filter,3,5,3935.38,3935.38,0.2291
2026-04-02 10:19:15,175.9,phase_1,2000,Signal-Extraction,3,5,2357.33,2357.33,0.1087
2026-04-02 10:19:15,175.9,phase_1,2000,Feature-Extraction,3,5,0.0,0.0,0.0
2026-04-02 10:19:15,175.9,phase_1,2000,Grid-Aggregation,3,5,0.0,0.0,0.0
2026-04-02 10:19:15,175.9,phase_1,2000,Sink: GridSummary-Sink,3,5,0.0,0.0,0.0
2026-04-02 10:19:15,175.9,phase_1,2000,Sink: EventFeature-Sink,3,5,0.0,0.0,0.0
2026-04-02 10:19:20,180.9,phase_1,2000,Source: RocketMQ-Source,5,5,0.0,0.0,0.0
2026-04-02 10:19:20,180.9,phase_1,2000,Watermark-Assigner,5,5,0.0,0.0,0.0
2026-04-02 10:19:20,180.9,phase_1,2000,Hardware-Filter,3,5,1324.42,1324.42,0.0604
2026-04-02 10:19:20,180.9,phase_1,2000,Signal-Extraction,3,5,3546.47,3546.47,0.1301
2026-04-02 10:19:20,180.9,phase_1,2000,Feature-Extraction,3,5,3544.28,3544.28,0.0
2026-04-02 10:19:20,180.9,phase_1,2000,Grid-Aggregation,3,5,3558.42,199.16,0.0054
2026-04-02 10:19:20,180.9,phase_1,2000,Sink: GridSummary-Sink,3,5,199.16,0.0,0.0
2026-04-02 10:19:20,180.9,phase_1,2000,Sink: EventFeature-Sink,3,5,3533.72,0.0,0.0
2026-04-02 10:19:25,186.0,phase_1,2000,Source: RocketMQ-Source,5,5,0.0,3932.74,0.0
2026-04-02 10:19:25,186.0,phase_1,2000,Watermark-Assigner,5,5,3933.53,3933.53,0.1396
2026-04-02 10:19:25,186.0,phase_1,2000,Hardware-Filter,3,5,2615.47,2615.47,0.1555
2026-04-02 10:19:25,186.0,phase_1,2000,Signal-Extraction,3,5,0.0,0.0,0.0
2026-04-02 10:19:25,186.0,phase_1,2000,Feature-Extraction,3,5,0.0,0.0,0.0
2026-04-02 10:19:25,186.0,phase_1,2000,Grid-Aggregation,3,5,0.0,0.0,0.0
2026-04-02 10:19:25,186.0,phase_1,2000,Sink: GridSummary-Sink,3,5,0.0,0.0,0.0
2026-04-02 10:19:25,186.0,phase_1,2000,Sink: EventFeature-Sink,3,5,0.0,0.0,0.0
2026-04-02 10:19:30,191.0,phase_1,2000,Source: RocketMQ-Source,5,5,0.0,0.0,0.0
2026-04-02 10:19:30,191.0,phase_1,2000,Watermark-Assigner,5,5,0.0,0.0,0.0
2026-04-02 10:19:30,191.0,phase_1,2000,Hardware-Filter,3,5,2618.36,2618.36,0.1637
2026-04-02 10:19:30,191.0,phase_1,2000,Signal-Extraction,3,5,2355.08,2355.08,0.1051
2026-04-02 10:19:30,191.0,phase_1,2000,Feature-Extraction,3,5,2352.29,2352.29,0.0
2026-04-02 10:19:30,191.0,phase_1,2000,Grid-Aggregation,3,5,3542.46,198.86,0.012
2026-04-02 10:19:30,191.0,phase_1,2000,Sink: GridSummary-Sink,3,5,198.86,0.0,0.0
2026-04-02 10:19:30,191.0,phase_1,2000,Sink: EventFeature-Sink,3,5,3556.38,0.0,0.0
2026-04-02 10:19:35,196.0,phase_1,2000,Source: RocketMQ-Source,5,5,0.0,3929.53,0.0
2026-04-02 10:19:35,196.0,phase_1,2000,Watermark-Assigner,5,5,3932.51,3932.51,0.1372
2026-04-02 10:19:35,196.0,phase_1,2000,Hardware-Filter,3,5,1322.08,1322.08,0.0663
2026-04-02 10:19:35,196.0,phase_1,2000,Signal-Extraction,3,5,1197.45,1197.45,0.0359
2026-04-02 10:19:35,196.0,phase_1,2000,Feature-Extraction,3,5,1198.84,1198.84,0.0
2026-04-02 10:19:35,196.0,phase_1,2000,Grid-Aggregation,3,5,0.0,0.0,0.0
2026-04-02 10:19:35,196.0,phase_1,2000,Sink: GridSummary-Sink,3,5,0.0,0.0,0.0
2026-04-02 10:19:35,196.0,phase_1,2000,Sink: EventFeature-Sink,3,5,0.0,0.0,0.0
2026-04-02 10:19:40,201.1,phase_1,2000,Source: RocketMQ-Source,5,5,0.0,0.0,0.0
2026-04-02 10:19:40,201.1,phase_1,2000,Watermark-Assigner,5,5,0.0,0.0,0.0
2026-04-02 10:19:40,201.1,phase_1,2000,Hardware-Filter,3,5,0.0,0.0,0.0
2026-04-02 10:19:40,201.1,phase_1,2000,Signal-Extraction,3,5,0.0,0.0,0.0
2026-04-02 10:19:40,201.1,phase_1,2000,Feature-Extraction,3,5,3556.44,3556.44,0.005
2026-04-02 10:19:40,201.1,phase_1,2000,Grid-Aggregation,3,5,3566.81,199.31,0.0086
2026-04-02 10:19:40,201.1,phase_1,2000,Sink: GridSummary-Sink,3,5,199.31,0.0,0.0
2026-04-02 10:19:40,201.1,phase_1,2000,Sink: EventFeature-Sink,3,5,3578.17,0.0,0.0
2026-04-02 10:19:45,206.1,phase_1,2000,Source: RocketMQ-Source,5,5,0.0,3955.67,0.0
2026-04-02 10:19:45,206.1,phase_1,2000,Watermark-Assigner,5,5,3950.5,3950.5,0.1396
2026-04-02 10:19:45,206.1,phase_1,2000,Hardware-Filter,3,5,3940.56,3940.56,0.2246
2026-04-02 10:19:45,206.1,phase_1,2000,Signal-Extraction,3,5,3550.74,3550.74,0.1432
2026-04-02 10:19:45,206.1,phase_1,2000,Feature-Extraction,3,5,0.0,0.0,0.0
2026-04-02 10:19:45,206.1,phase_1,2000,Grid-Aggregation,3,5,0.0,0.0,0.0
2026-04-02 10:19:45,206.1,phase_1,2000,Sink: GridSummary-Sink,3,5,0.0,0.0,0.0
2026-04-02 10:19:45,206.1,phase_1,2000,Sink: EventFeature-Sink,3,5,0.0,0.0,0.0
2026-04-02 10:19:50,211.1,phase_1,2000,Source: RocketMQ-Source,5,5,0.0,0.0,0.0
2026-04-02 10:19:50,211.1,phase_1,2000,Watermark-Assigner,5,5,0.0,0.0,0.0
2026-04-02 10:19:50,211.1,phase_1,2000,Hardware-Filter,3,5,1326.5,1326.5,0.0623
2026-04-02 10:19:50,211.1,phase_1,2000,Signal-Extraction,3,5,3554.47,3554.47,0.1348
2026-04-02 10:19:50,211.1,phase_1,2000,Feature-Extraction,3,5,3558.46,3558.46,0.0
2026-04-02 10:19:50,211.1,phase_1,2000,Grid-Aggregation,3,5,3527.37,199.26,0.0
2026-04-02 10:19:50,211.1,phase_1,2000,Sink: GridSummary-Sink,3,5,199.26,0.0,0.0
2026-04-02 10:19:50,211.1,phase_1,2000,Sink: EventFeature-Sink,3,5,3547.5,0.0,0.0
2026-04-02 10:19:55,216.1,phase_1,2000,Source: RocketMQ-Source,5,5,0.0,3935.97,0.0
2026-04-02 10:19:55,216.1,phase_1,2000,Watermark-Assigner,5,5,3936.77,3936.77,0.139
2026-04-02 10:19:55,216.1,phase_1,2000,Hardware-Filter,3,5,2621.6,2621.6,0.1544
2026-04-02 10:19:55,216.1,phase_1,2000,Signal-Extraction,3,5,0.0,0.0,0.0
2026-04-02 10:19:55,216.1,phase_1,2000,Feature-Extraction,3,5,0.0,0.0,0.0
2026-04-02 10:19:55,216.1,phase_1,2000,Grid-Aggregation,3,5,0.0,0.0,0.0
2026-04-02 10:19:55,216.1,phase_1,2000,Sink: GridSummary-Sink,3,5,0.0,0.0,0.0
2026-04-02 10:19:55,216.1,phase_1,2000,Sink: EventFeature-Sink,3,5,0.0,0.0,0.0
2026-04-02 10:20:15,236.2,phase_1,2000,Signal-Extraction,2,4,0.0,0.0,0.0
2026-04-02 10:20:15,236.2,phase_1,2000,Feature-Extraction,2,4,0.0,0.0,0.0093
2026-04-02 10:20:15,236.2,phase_1,2000,Grid-Aggregation,2,4,0.0,0.0,0.0
2026-04-02 10:20:15,236.2,phase_1,2000,Sink: GridSummary-Sink,2,4,0.0,0.0,0.0175
2026-04-02 10:20:15,236.2,phase_1,2000,Sink: EventFeature-Sink,2,4,0.0,0.0,0.004
2026-04-02 10:20:20,241.2,phase_1,2000,Source: RocketMQ-Source,4,4,0.0,0.0,0.0
2026-04-02 10:20:20,241.2,phase_1,2000,Watermark-Assigner,4,4,0.0,0.0,0.0
2026-04-02 10:20:20,241.2,phase_1,2000,Hardware-Filter,2,4,0.0,0.0,0.0
2026-04-02 10:20:20,241.2,phase_1,2000,Signal-Extraction,2,4,0.0,0.0,0.0
2026-04-02 10:20:20,241.2,phase_1,2000,Feature-Extraction,2,4,0.0,0.0,0.0
2026-04-02 10:20:20,241.2,phase_1,2000,Grid-Aggregation,2,4,0.0,0.0,0.0
2026-04-02 10:20:20,241.2,phase_1,2000,Sink: GridSummary-Sink,2,4,0.0,0.0,0.0
2026-04-02 10:20:20,241.2,phase_1,2000,Sink: EventFeature-Sink,2,4,0.0,0.0,0.0
2026-04-02 10:20:25,246.2,phase_1,2000,Source: RocketMQ-Source,4,4,0.0,0.0,0.0
2026-04-02 10:20:25,246.2,phase_1,2000,Watermark-Assigner,4,4,0.0,0.0,0.0
2026-04-02 10:20:25,246.2,phase_1,2000,Hardware-Filter,2,4,5391.45,5391.45,0.5979
2026-04-02 10:20:25,246.2,phase_1,2000,Signal-Extraction,2,4,3752.97,3752.97,0.3899
2026-04-02 10:20:25,246.2,phase_1,2000,Feature-Extraction,2,4,3745.8,3745.8,0.0
2026-04-02 10:20:25,246.2,phase_1,2000,Grid-Aggregation,2,4,3745.8,0.0,0.0
2026-04-02 10:20:25,246.2,phase_1,2000,Sink: GridSummary-Sink,2,4,0.0,0.0,0.0
2026-04-02 10:20:25,246.2,phase_1,2000,Sink: EventFeature-Sink,2,4,3731.27,0.0,0.1635
2026-04-02 10:20:30,251.3,phase_1,2000,Source: RocketMQ-Source,4,4,0.0,5382.43,0.0
2026-04-02 10:20:30,251.3,phase_1,2000,Watermark-Assigner,4,4,5381.83,5381.83,0.2449
2026-04-02 10:20:30,251.3,phase_1,2000,Hardware-Filter,2,4,0.0,0.0,0.0
2026-04-02 10:20:30,251.3,phase_1,2000,Signal-Extraction,2,4,0.0,0.0,0.0
2026-04-02 10:20:30,251.3,phase_1,2000,Feature-Extraction,2,4,0.0,0.0,0.0
2026-04-02 10:20:30,251.3,phase_1,2000,Grid-Aggregation,2,4,0.0,0.0,0.0
2026-04-02 10:20:30,251.3,phase_1,2000,Sink: GridSummary-Sink,2,4,0.0,0.0,0.0
2026-04-02 10:20:30,251.3,phase_1,2000,Sink: EventFeature-Sink,2,4,0.0,0.0,0.0
2026-04-02 10:20:35,256.3,phase_1,2000,Source: RocketMQ-Source,4,4,0.0,0.0,0.0
2026-04-02 10:20:35,256.3,phase_1,2000,Watermark-Assigner,4,4,987.63,987.63,0.0357
2026-04-02 10:20:35,256.3,phase_1,2000,Hardware-Filter,2,4,941.94,941.94,0.0763
2026-04-02 10:20:35,256.3,phase_1,2000,Signal-Extraction,2,4,1770.82,1770.82,0.1135
2026-04-02 10:20:35,256.3,phase_1,2000,Feature-Extraction,2,4,1768.44,1768.44,0.0
2026-04-02 10:20:35,256.3,phase_1,2000,Grid-Aggregation,2,4,1756.52,0.0,0.0117
2026-04-02 10:20:35,256.3,phase_1,2000,Sink: GridSummary-Sink,2,4,0.0,0.0,0.0
2026-04-02 10:20:35,256.3,phase_1,2000,Sink: EventFeature-Sink,2,4,1782.94,0.0,0.0
2026-04-02 10:20:40,261.3,phase_1,2000,Source: RocketMQ-Source,4,4,0.0,1979.51,0.0
2026-04-02 10:20:40,261.3,phase_1,2000,Watermark-Assigner,4,4,988.56,988.56,0.0473
2026-04-02 10:20:40,261.3,phase_1,2000,Hardware-Filter,2,4,1034.98,1034.98,0.0963
2026-04-02 10:20:40,261.3,phase_1,2000,Signal-Extraction,2,4,0.0,0.0,0.0
2026-04-02 10:20:40,261.3,phase_1,2000,Feature-Extraction,2,4,0.0,0.0,0.0
2026-04-02 10:20:40,261.3,phase_1,2000,Grid-Aggregation,2,4,0.0,0.0,0.0
2026-04-02 10:20:40,261.3,phase_1,2000,Sink: GridSummary-Sink,2,4,0.0,0.0,0.0
2026-04-02 10:20:40,261.3,phase_1,2000,Sink: EventFeature-Sink,2,4,0.0,0.0,0.0
2026-04-02 10:20:45,266.3,phase_1,2000,Source: RocketMQ-Source,4,4,0.0,0.0,0.0
2026-04-02 10:20:45,266.3,phase_1,2000,Watermark-Assigner,4,4,0.0,0.0,0.0
2026-04-02 10:20:45,266.3,phase_1,2000,Hardware-Filter,2,4,0.0,0.0,0.0
2026-04-02 10:20:45,266.3,phase_1,2000,Signal-Extraction,2,4,0.0,0.0,0.0
2026-04-02 10:20:45,266.3,phase_1,2000,Feature-Extraction,2,4,0.0,0.0,0.0
2026-04-02 10:20:45,266.3,phase_1,2000,Grid-Aggregation,2,4,0.0,0.0,0.0
2026-04-02 10:20:45,266.3,phase_1,2000,Sink: GridSummary-Sink,2,4,0.0,0.0,0.0
2026-04-02 10:20:45,266.3,phase_1,2000,Sink: EventFeature-Sink,2,4,0.0,0.0,0.0
2026-04-02 10:20:50,271.4,phase_1,2000,Source: RocketMQ-Source,4,4,0.0,1965.84,0.0
2026-04-02 10:20:50,271.4,phase_1,2000,Watermark-Assigner,4,4,1962.67,1962.67,0.0798
2026-04-02 10:20:50,271.4,phase_1,2000,Hardware-Filter,2,4,1959.09,1959.09,0.1664
2026-04-02 10:20:50,271.4,phase_1,2000,Signal-Extraction,2,4,1759.51,1759.51,0.1069
2026-04-02 10:20:50,271.4,phase_1,2000,Feature-Extraction,2,4,1764.27,1764.27,0.0
2026-04-02 10:20:50,271.4,phase_1,2000,Grid-Aggregation,2,4,1761.69,905.37,0.0
2026-04-02 10:20:50,271.4,phase_1,2000,Sink: GridSummary-Sink,2,4,756.63,0.0,0.0
2026-04-02 10:20:51,271.4,phase_1,2000,Sink: EventFeature-Sink,2,4,1757.72,0.0,0.0009
2026-04-02 10:20:56,276.4,phase_1,2000,Source: RocketMQ-Source,4,4,0.0,0.0,0.0
2026-04-02 10:20:56,276.4,phase_1,2000,Watermark-Assigner,4,4,989.69,989.69,0.035
2026-04-02 10:20:56,276.4,phase_1,2000,Hardware-Filter,2,4,0.0,0.0,0.0
2026-04-02 10:20:56,276.4,phase_1,2000,Signal-Extraction,2,4,2818.9,2818.9,0.3144
2026-04-02 10:20:56,276.4,phase_1,2000,Feature-Extraction,2,4,2820.1,2820.1,0.0194
2026-04-02 10:20:56,276.4,phase_1,2000,Grid-Aggregation,2,4,2707.56,93.61,0.0184
2026-04-02 10:20:56,276.4,phase_1,2000,Sink: GridSummary-Sink,2,4,106.36,0.0,0.0398
2026-04-02 10:20:56,276.4,phase_1,2000,Sink: EventFeature-Sink,2,4,2807.55,0.0,0.0082
2026-04-02 10:21:01,281.4,phase_1,2000,Source: RocketMQ-Source,4,4,0.0,13169.96,0.0
2026-04-02 10:21:01,281.4,phase_1,2000,Watermark-Assigner,4,4,12163.68,12163.68,0.6448
2026-04-02 10:21:01,281.4,phase_1,2000,Hardware-Filter,2,4,13146.31,13146.31,1.0
2026-04-02 10:21:01,281.4,phase_1,2000,Signal-Extraction,2,4,2981.88,2981.88,0.3712
2026-04-02 10:21:01,281.4,phase_1,2000,Feature-Extraction,2,4,2979.89,2979.89,0.0254
2026-04-02 10:21:01,281.4,phase_1,2000,Grid-Aggregation,2,4,3000.96,149.29,0.0235
2026-04-02 10:21:01,281.4,phase_1,2000,Sink: GridSummary-Sink,2,4,285.47,0.0,0.0
2026-04-02 10:21:01,281.4,phase_1,2000,Sink: EventFeature-Sink,2,4,2986.45,0.0,0.0023
2026-04-02 10:21:06,286.4,phase_1,2000,Source: RocketMQ-Source,4,4,0.0,0.0,0.0
2026-04-02 10:21:06,286.4,phase_1,2000,Watermark-Assigner,4,4,0.0,0.0,0.0
2026-04-02 10:21:06,286.4,phase_1,2000,Hardware-Filter,2,4,4088.34,4088.34,0.3786
2026-04-02 10:21:06,286.4,phase_1,2000,Signal-Extraction,2,4,3660.01,3660.01,0.2679
2026-04-02 10:21:06,286.4,phase_1,2000,Feature-Extraction,2,4,3658.41,3658.41,0.0152
2026-04-02 10:21:06,286.4,phase_1,2000,Grid-Aggregation,2,4,3739.93,181.18,0.0
2026-04-02 10:21:06,286.4,phase_1,2000,Sink: GridSummary-Sink,2,4,181.18,0.0,0.0
2026-04-02 10:21:06,286.4,phase_1,2000,Sink: EventFeature-Sink,2,4,3651.84,0.0,0.0098
2026-04-02 10:21:11,291.5,phase_1,2000,Source: RocketMQ-Source,4,4,0.0,4058.31,0.0
2026-04-02 10:21:11,291.5,phase_1,2000,Watermark-Assigner,4,4,4075.42,4075.42,0.1855
2026-04-02 10:21:11,291.5,phase_1,2000,Hardware-Filter,2,4,0.0,0.0,0.0
2026-04-02 10:21:11,291.5,phase_1,2000,Signal-Extraction,2,4,0.0,0.0,0.0
2026-04-02 10:21:11,291.5,phase_1,2000,Feature-Extraction,2,4,0.0,0.0,0.0
2026-04-02 10:21:11,291.5,phase_1,2000,Grid-Aggregation,2,4,0.0,0.0,0.0
2026-04-02 10:21:11,291.5,phase_1,2000,Sink: GridSummary-Sink,2,4,0.0,0.0,0.0
2026-04-02 10:21:11,291.5,phase_1,2000,Sink: EventFeature-Sink,2,4,0.0,0.0,0.0
2026-04-02 10:21:16,296.5,phase_1,2000,Source: RocketMQ-Source,4,4,0.0,0.0,0.0
2026-04-02 10:21:16,296.5,phase_1,2000,Watermark-Assigner,4,4,0.0,0.0,0.0
2026-04-02 10:21:16,296.5,phase_1,2000,Hardware-Filter,2,4,0.0,0.0,0.0
2026-04-02 10:21:16,296.5,phase_1,2000,Signal-Extraction,2,4,3555.78,3555.78,0.255
2026-04-02 10:21:16,296.5,phase_1,2000,Feature-Extraction,2,4,3555.78,3555.78,0.0007
2026-04-02 10:21:16,296.5,phase_1,2000,Grid-Aggregation,2,4,3567.34,182.98,0.0052
2026-04-02 10:21:16,296.5,phase_1,2000,Sink: GridSummary-Sink,2,4,182.98,0.0,0.0
2026-04-02 10:21:16,296.5,phase_1,2000,Sink: EventFeature-Sink,2,4,3561.96,0.0,0.0
2026-04-02 10:21:21,301.5,phase_1,2000,Source: RocketMQ-Source,4,4,0.0,3934.37,0.0
2026-04-02 10:21:21,301.5,phase_1,2000,Watermark-Assigner,4,4,3936.36,3936.36,0.1769
2026-04-02 10:21:21,301.5,phase_1,2000,Hardware-Filter,2,4,3933.98,3933.98,0.3466
2026-04-02 10:21:21,301.5,phase_1,2000,Signal-Extraction,2,4,0.0,0.0,0.0
2026-04-02 10:21:21,301.5,phase_1,2000,Feature-Extraction,2,4,0.0,0.0,0.0
2026-04-02 10:21:21,301.5,phase_1,2000,Grid-Aggregation,2,4,0.0,0.0,0.0
2026-04-02 10:21:21,301.5,phase_1,2000,Sink: GridSummary-Sink,2,4,0.0,0.0,0.0
2026-04-02 10:21:21,301.5,phase_1,2000,Sink: EventFeature-Sink,2,4,0.0,0.0,0.0
2026-04-02 10:21:26,306.5,phase_1,2000,Source: RocketMQ-Source,4,4,0.0,0.0,0.0
2026-04-02 10:21:26,306.5,phase_1,2000,Watermark-Assigner,4,4,0.0,0.0,0.0
2026-04-02 10:21:26,306.5,phase_1,2000,Hardware-Filter,2,4,2030.37,2030.37,0.2027
2026-04-02 10:21:26,306.5,phase_1,2000,Signal-Extraction,2,4,3544.19,3544.19,0.2389
2026-04-02 10:21:26,306.5,phase_1,2000,Feature-Extraction,2,4,3539.41,3539.41,0.0078
2026-04-02 10:21:26,306.5,phase_1,2000,Grid-Aggregation,2,4,3552.36,187.46,0.0136
2026-04-02 10:21:26,306.5,phase_1,2000,Sink: GridSummary-Sink,2,4,187.46,0.0,0.0
2026-04-02 10:21:26,306.5,phase_1,2000,Sink: EventFeature-Sink,2,4,3552.36,0.0,0.0
2026-04-02 10:21:31,311.6,phase_1,2000,Source: RocketMQ-Source,4,4,0.0,3939.87,0.0
2026-04-02 10:21:31,311.6,phase_1,2000,Watermark-Assigner,4,4,3935.3,3935.3,0.1761
2026-04-02 10:21:31,311.6,phase_1,2000,Hardware-Filter,2,4,1913.87,1913.87,0.1408
2026-04-02 10:21:31,311.6,phase_1,2000,Signal-Extraction,2,4,0.0,0.0,0.0
2026-04-02 10:21:31,311.6,phase_1,2000,Feature-Extraction,2,4,0.0,0.0,0.0
2026-04-02 10:21:31,311.6,phase_1,2000,Grid-Aggregation,2,4,0.0,0.0,0.0
2026-04-02 10:21:31,311.6,phase_1,2000,Sink: GridSummary-Sink,2,4,0.0,0.0,0.0
2026-04-02 10:21:31,311.6,phase_1,2000,Sink: EventFeature-Sink,2,4,0.0,0.0,0.0
2026-04-02 10:21:36,316.6,phase_1,2000,Source: RocketMQ-Source,4,4,0.0,0.0,0.0
2026-04-02 10:21:36,316.6,phase_1,2000,Watermark-Assigner,4,4,0.0,0.0,0.0
2026-04-02 10:21:36,316.6,phase_1,2000,Hardware-Filter,2,4,0.0,0.0,0.0
2026-04-02 10:21:36,316.6,phase_1,2000,Signal-Extraction,2,4,3578.0,3578.0,0.2386
2026-04-02 10:21:36,316.6,phase_1,2000,Feature-Extraction,2,4,3566.24,3566.24,0.0005
2026-04-02 10:21:36,316.6,phase_1,2000,Grid-Aggregation,2,4,3566.24,183.33,0.0118
2026-04-02 10:21:36,316.6,phase_1,2000,Sink: GridSummary-Sink,2,4,183.33,0.0,0.0
2026-04-02 10:21:36,316.6,phase_1,2000,Sink: EventFeature-Sink,2,4,3566.24,0.0,0.0089
2026-04-02 10:21:41,321.6,phase_1,2000,Source: RocketMQ-Source,4,4,0.0,3953.59,0.0
2026-04-02 10:21:41,321.6,phase_1,2000,Watermark-Assigner,4,4,3960.15,3960.15,0.172
2026-04-02 10:21:41,321.6,phase_1,2000,Hardware-Filter,2,4,3955.18,3955.18,0.343
2026-04-02 10:21:41,321.6,phase_1,2000,Signal-Extraction,2,4,0.0,0.0,0.0
2026-04-02 10:21:41,321.6,phase_1,2000,Feature-Extraction,2,4,0.0,0.0,0.0
2026-04-02 10:21:41,321.6,phase_1,2000,Grid-Aggregation,2,4,0.0,0.0,0.0
2026-04-02 10:21:41,321.6,phase_1,2000,Sink: GridSummary-Sink,2,4,0.0,0.0,0.0
2026-04-02 10:21:41,321.6,phase_1,2000,Sink: EventFeature-Sink,2,4,0.0,0.0,0.0
2026-04-02 10:21:46,326.6,phase_1,2000,Source: RocketMQ-Source,4,4,0.0,0.0,0.0
2026-04-02 10:21:46,326.6,phase_1,2000,Watermark-Assigner,4,4,0.0,0.0,0.0
2026-04-02 10:21:46,326.6,phase_1,2000,Hardware-Filter,2,4,0.0,0.0,0.0
2026-04-02 10:21:46,326.6,phase_1,2000,Signal-Extraction,2,4,0.0,0.0,0.0
2026-04-02 10:21:46,326.6,phase_1,2000,Feature-Extraction,2,4,1714.89,1714.89,0.0
2026-04-02 10:21:46,326.6,phase_1,2000,Grid-Aggregation,2,4,3534.15,184.85,0.0
2026-04-02 10:21:46,326.6,phase_1,2000,Sink: GridSummary-Sink,2,4,184.85,0.0,0.0
2026-04-02 10:21:46,326.6,phase_1,2000,Sink: EventFeature-Sink,2,4,3534.15,0.0,0.0
2026-04-02 10:21:51,331.7,phase_1,2000,Source: RocketMQ-Source,4,4,0.0,3937.4,0.0
2026-04-02 10:21:51,331.7,phase_1,2000,Watermark-Assigner,4,4,3933.43,3933.43,0.1731
2026-04-02 10:21:51,331.7,phase_1,2000,Hardware-Filter,2,4,3932.03,3932.03,0.3546
2026-04-02 10:21:51,331.7,phase_1,2000,Signal-Extraction,2,4,3537.9,3538.1,0.2578
2026-04-02 10:21:51,331.7,phase_1,2000,Feature-Extraction,2,4,1832.88,1832.88,0.0041
2026-04-02 10:21:51,331.7,phase_1,2000,Grid-Aggregation,2,4,0.0,0.0,0.0
2026-04-02 10:21:51,331.7,phase_1,2000,Sink: GridSummary-Sink,2,4,0.0,0.0,0.0
2026-04-02 10:21:51,331.7,phase_1,2000,Sink: EventFeature-Sink,2,4,0.0,0.0,0.0
2026-04-02 10:21:56,336.7,phase_1,2000,Source: RocketMQ-Source,4,4,0.0,985.06,0.0
2026-04-02 10:21:56,336.7,phase_1,2000,Watermark-Assigner,4,4,3940.24,3940.24,0.1804
2026-04-02 10:21:56,336.7,phase_1,2000,Hardware-Filter,2,4,3942.03,3942.03,0.3591
2026-04-02 10:21:56,336.7,phase_1,2000,Signal-Extraction,2,4,3541.92,3541.72,0.261
2026-04-02 10:21:56,336.7,phase_1,2000,Feature-Extraction,2,4,3542.91,3542.91,0.0
2026-04-02 10:21:56,336.7,phase_1,2000,Grid-Aggregation,2,4,3554.65,182.05,0.011
2026-04-02 10:21:56,336.7,phase_1,2000,Sink: GridSummary-Sink,2,4,182.05,0.0,0.0
2026-04-02 10:21:56,336.7,phase_1,2000,Sink: EventFeature-Sink,2,4,3541.52,0.0,0.0
2026-04-02 10:22:01,341.7,phase_1,2000,Source: RocketMQ-Source,4,4,0.0,2956.83,0.0
2026-04-02 10:22:01,341.7,phase_1,2000,Watermark-Assigner,4,4,0.0,0.0,0.0
2026-04-02 10:22:01,341.7,phase_1,2000,Hardware-Filter,2,4,0.0,0.0,0.0
2026-04-02 10:22:01,341.7,phase_1,2000,Signal-Extraction,2,4,0.0,0.0,0.0
2026-04-02 10:22:01,341.7,phase_1,2000,Feature-Extraction,2,4,0.0,0.0,0.0
2026-04-02 10:22:01,341.7,phase_1,2000,Grid-Aggregation,2,4,0.0,0.0,0.0
2026-04-02 10:22:01,341.7,phase_1,2000,Sink: GridSummary-Sink,2,4,0.0,0.0,0.0
2026-04-02 10:22:01,341.7,phase_1,2000,Sink: EventFeature-Sink,2,4,0.0,0.0,0.0
2026-04-02 10:22:31,371.8,phase_1,2000,Source: RocketMQ-Source,3,3,0.0,0.0,0.0
2026-04-02 10:22:31,371.8,phase_1,2000,Watermark-Assigner,3,3,0.0,0.0,0.0
2026-04-02 10:22:31,371.8,phase_1,2000,Hardware-Filter,2,3,0.0,0.0,0.0
2026-04-02 10:22:31,371.8,phase_1,2000,Signal-Extraction,2,3,0.0,0.0,0.0
2026-04-02 10:22:31,371.8,phase_1,2000,Feature-Extraction,2,3,0.0,0.0,0.0
2026-04-02 10:22:31,371.8,phase_1,2000,Grid-Aggregation,2,3,0.0,0.0,0.0
2026-04-02 10:22:31,371.8,phase_1,2000,Sink: GridSummary-Sink,2,3,0.0,0.0,0.0
2026-04-02 10:22:31,371.8,phase_1,2000,Sink: EventFeature-Sink,2,3,0.0,0.0,0.0
2026-04-02 10:22:36,376.8,phase_1,2000,Source: RocketMQ-Source,3,3,0.0,0.0,0.0
2026-04-02 10:22:36,376.8,phase_1,2000,Watermark-Assigner,3,3,0.0,0.0,0.0
2026-04-02 10:22:36,376.8,phase_1,2000,Hardware-Filter,2,3,5027.22,5027.22,0.3253
2026-04-02 10:22:36,376.8,phase_1,2000,Signal-Extraction,2,3,2294.07,2294.07,0.1403
2026-04-02 10:22:36,376.8,phase_1,2000,Feature-Extraction,2,3,2318.34,2318.34,0.0062
2026-04-02 10:22:36,376.8,phase_1,2000,Grid-Aggregation,2,3,2305.41,205.71,0.0041
2026-04-02 10:22:36,376.8,phase_1,2000,Sink: GridSummary-Sink,2,3,196.36,0.0,0.0
2026-04-02 10:22:36,376.8,phase_1,2000,Sink: EventFeature-Sink,2,3,2317.75,0.0,0.0
2026-04-02 10:22:41,381.9,phase_1,2000,Source: RocketMQ-Source,3,3,0.0,10362.54,0.0
2026-04-02 10:22:41,381.9,phase_1,2000,Watermark-Assigner,3,3,10360.76,10360.76,1.0
2026-04-02 10:22:41,381.9,phase_1,2000,Hardware-Filter,2,3,5358.89,5358.69,0.9404
2026-04-02 10:22:41,381.9,phase_1,2000,Signal-Extraction,2,3,2494.77,2494.77,0.476
2026-04-02 10:22:41,381.9,phase_1,2000,Feature-Extraction,2,3,2508.29,2508.29,0.0525
2026-04-02 10:22:41,381.9,phase_1,2000,Grid-Aggregation,2,3,2561.96,169.37,0.0444
2026-04-02 10:22:41,381.9,phase_1,2000,Sink: GridSummary-Sink,2,3,163.8,0.0,0.0
2026-04-02 10:22:41,381.9,phase_1,2000,Sink: EventFeature-Sink,2,3,2529.16,0.0,0.255
2026-04-02 10:22:46,386.9,phase_1,2000,Source: RocketMQ-Source,3,3,0.0,0.0,0.0
2026-04-02 10:22:46,386.9,phase_1,2000,Watermark-Assigner,3,3,0.0,0.0,0.0
2026-04-02 10:22:46,386.9,phase_1,2000,Hardware-Filter,2,3,0.0,0.0,0.0
2026-04-02 10:22:46,386.9,phase_1,2000,Signal-Extraction,2,3,0.0,0.0,0.0
2026-04-02 10:22:46,386.9,phase_1,2000,Feature-Extraction,2,3,0.0,0.0,0.0
2026-04-02 10:22:46,386.9,phase_1,2000,Grid-Aggregation,2,3,2225.75,196.46,0.0109
2026-04-02 10:22:46,386.9,phase_1,2000,Sink: GridSummary-Sink,2,3,205.82,0.0,0.0
2026-04-02 10:22:46,386.9,phase_1,2000,Sink: EventFeature-Sink,2,3,4743.9,0.0,0.0342
2026-04-02 10:22:51,391.9,phase_1,2000,Source: RocketMQ-Source,3,3,0.0,6200.15,0.0
2026-04-02 10:22:51,391.9,phase_1,2000,Watermark-Assigner,3,3,6200.94,6200.74,0.4819
2026-04-02 10:22:51,391.9,phase_1,2000,Hardware-Filter,2,3,6205.31,6205.31,0.6596
2026-04-02 10:22:51,391.9,phase_1,2000,Signal-Extraction,2,3,4716.61,4716.61,0.3827
2026-04-02 10:22:51,391.9,phase_1,2000,Feature-Extraction,2,3,4721.37,4721.37,0.0153
2026-04-02 10:22:51,391.9,phase_1,2000,Grid-Aggregation,2,3,2498.35,140.84,0.0323
2026-04-02 10:22:51,391.9,phase_1,2000,Sink: GridSummary-Sink,2,3,146.39,0.0,0.0819
2026-04-02 10:22:51,391.9,phase_1,2000,Sink: EventFeature-Sink,2,3,0.0,0.0,0.0
2026-04-02 10:22:56,397.0,phase_1,2000,Source: RocketMQ-Source,3,3,0.0,0.0,0.0
2026-04-02 10:22:56,397.0,phase_1,2000,Watermark-Assigner,3,3,0.0,0.0,0.0
2026-04-02 10:22:56,397.0,phase_1,2000,Hardware-Filter,2,3,1922.76,1922.76,0.1396
2026-04-02 10:22:56,397.0,phase_1,2000,Signal-Extraction,2,3,3557.89,3557.89,0.2145
2026-04-02 10:22:56,397.0,phase_1,2000,Feature-Extraction,2,3,3534.98,3534.98,0.0036
2026-04-02 10:22:56,397.0,phase_1,2000,Grid-Aggregation,2,3,3544.55,180.26,0.004
2026-04-02 10:22:56,397.0,phase_1,2000,Sink: GridSummary-Sink,2,3,180.26,0.0,0.0
2026-04-02 10:22:56,397.0,phase_1,2000,Sink: EventFeature-Sink,2,3,3524.23,0.0,0.0
2026-04-02 10:23:01,402.0,phase_1,2000,Source: RocketMQ-Source,3,3,0.0,3948.91,0.0
2026-04-02 10:23:01,402.0,phase_1,2000,Watermark-Assigner,3,3,3956.66,3956.86,0.2422
2026-04-02 10:23:01,402.0,phase_1,2000,Hardware-Filter,2,3,2041.07,2041.07,0.2027
2026-04-02 10:23:01,402.0,phase_1,2000,Signal-Extraction,2,3,0.0,0.0,0.0
2026-04-02 10:23:01,402.0,phase_1,2000,Feature-Extraction,2,3,0.0,0.0,0.0
2026-04-02 10:23:01,402.0,phase_1,2000,Grid-Aggregation,2,3,0.0,0.0,0.0
2026-04-02 10:23:01,402.0,phase_1,2000,Sink: GridSummary-Sink,2,3,0.0,0.0,0.0
2026-04-02 10:23:01,402.0,phase_1,2000,Sink: EventFeature-Sink,2,3,0.0,0.0,0.0
2026-04-02 10:23:06,407.0,phase_1,2000,Source: RocketMQ-Source,3,3,0.0,0.0,0.0
2026-04-02 10:23:06,407.0,phase_1,2000,Watermark-Assigner,3,3,0.0,0.0,0.0
2026-04-02 10:23:06,407.0,phase_1,2000,Hardware-Filter,2,3,3925.5,3925.5,0.344
2026-04-02 10:23:06,407.0,phase_1,2000,Signal-Extraction,2,3,3534.31,3534.31,0.2069
2026-04-02 10:23:06,407.0,phase_1,2000,Feature-Extraction,2,3,3542.47,3542.47,0.0015
2026-04-02 10:23:06,407.0,phase_1,2000,Grid-Aggregation,2,3,3537.69,176.28,0.01
2026-04-02 10:23:06,407.0,phase_1,2000,Sink: GridSummary-Sink,2,3,176.28,0.0,0.0
2026-04-02 10:23:06,407.0,phase_1,2000,Sink: EventFeature-Sink,2,3,3548.25,0.0,0.0
2026-04-02 10:23:11,412.0,phase_1,2000,Source: RocketMQ-Source,3,3,0.0,3921.92,0.0
2026-04-02 10:23:11,412.0,phase_1,2000,Watermark-Assigner,3,3,3914.96,3914.96,0.2497
2026-04-02 10:23:11,412.0,phase_1,2000,Hardware-Filter,2,3,0.0,0.0,0.0
2026-04-02 10:23:11,412.0,phase_1,2000,Signal-Extraction,2,3,0.0,0.0,0.0
2026-04-02 10:23:11,412.0,phase_1,2000,Feature-Extraction,2,3,0.0,0.0,0.0
2026-04-02 10:23:11,412.0,phase_1,2000,Grid-Aggregation,2,3,0.0,0.0,0.0
2026-04-02 10:23:11,412.0,phase_1,2000,Sink: GridSummary-Sink,2,3,0.0,0.0,0.0
2026-04-02 10:23:11,412.0,phase_1,2000,Sink: EventFeature-Sink,2,3,0.0,0.0,0.0
2026-04-02 10:23:16,417.1,phase_1,2000,Source: RocketMQ-Source,3,3,0.0,981.83,0.0
2026-04-02 10:23:16,417.1,phase_1,2000,Watermark-Assigner,3,3,981.83,981.83,0.0436
2026-04-02 10:23:16,417.1,phase_1,2000,Hardware-Filter,2,3,1906.33,1906.33,0.1324
2026-04-02 10:23:16,417.1,phase_1,2000,Signal-Extraction,2,3,3529.55,3529.55,0.2101
2026-04-02 10:23:16,417.1,phase_1,2000,Feature-Extraction,2,3,3529.95,3529.95,0.0103
2026-04-02 10:23:16,417.1,phase_1,2000,Grid-Aggregation,2,3,3518.05,182.12,0.0132
2026-04-02 10:23:16,417.1,phase_1,2000,Sink: GridSummary-Sink,2,3,182.12,0.0,0.0
2026-04-02 10:23:16,417.1,phase_1,2000,Sink: EventFeature-Sink,2,3,3529.95,0.0,0.0
2026-04-02 10:23:21,422.1,phase_1,2000,Source: RocketMQ-Source,3,3,0.0,2961.21,0.0
2026-04-02 10:23:21,422.1,phase_1,2000,Watermark-Assigner,3,3,2963.2,2963.2,0.1941
2026-04-02 10:23:21,422.1,phase_1,2000,Hardware-Filter,2,3,2029.85,2029.85,0.204
2026-04-02 10:23:21,422.1,phase_1,2000,Signal-Extraction,2,3,0.0,0.0,0.0
2026-04-02 10:23:21,422.1,phase_1,2000,Feature-Extraction,2,3,0.0,0.0,0.0
2026-04-02 10:23:21,422.1,phase_1,2000,Grid-Aggregation,2,3,0.0,0.0,0.0
2026-04-02 10:23:21,422.1,phase_1,2000,Sink: GridSummary-Sink,2,3,0.0,0.0,0.0
2026-04-02 10:23:21,422.1,phase_1,2000,Sink: EventFeature-Sink,2,3,0.0,0.0,0.0
2026-04-02 10:23:26,427.1,phase_1,2000,Source: RocketMQ-Source,3,3,0.0,0.0,0.0
2026-04-02 10:23:26,427.1,phase_1,2000,Watermark-Assigner,3,3,985.66,985.66,0.0502
2026-04-02 10:23:26,427.1,phase_1,2000,Hardware-Filter,2,3,1913.38,1913.38,0.1408
2026-04-02 10:23:26,427.1,phase_1,2000,Signal-Extraction,2,3,1723.46,1723.46,0.0854
2026-04-02 10:23:26,427.1,phase_1,2000,Feature-Extraction,2,3,1735.4,1735.4,0.0
2026-04-02 10:23:26,427.1,phase_1,2000,Grid-Aggregation,2,3,3560.99,182.36,0.0
2026-04-02 10:23:26,427.1,phase_1,2000,Sink: GridSummary-Sink,2,3,182.36,0.0,0.0
2026-04-02 10:23:26,427.1,phase_1,2000,Sink: EventFeature-Sink,2,3,3568.16,0.0,0.0
2026-04-02 10:23:31,432.2,phase_1,2000,Source: RocketMQ-Source,3,3,0.0,3924.02,0.0
2026-04-02 10:23:31,432.2,phase_1,2000,Watermark-Assigner,3,3,2937.31,2937.31,0.1951
2026-04-02 10:23:31,432.2,phase_1,2000,Hardware-Filter,2,3,2019.66,2019.66,0.2004
2026-04-02 10:23:31,432.2,phase_1,2000,Signal-Extraction,2,3,1812.47,1812.47,0.1304
2026-04-02 10:23:31,432.2,phase_1,2000,Feature-Extraction,2,3,1807.91,1807.91,0.0113
2026-04-02 10:23:31,432.2,phase_1,2000,Grid-Aggregation,2,3,0.0,0.0,0.0
2026-04-02 10:23:31,432.2,phase_1,2000,Sink: GridSummary-Sink,2,3,0.0,0.0,0.0
2026-04-02 10:23:31,432.2,phase_1,2000,Sink: EventFeature-Sink,2,3,0.0,0.0,0.0
2026-04-02 10:23:36,437.2,phase_1,2000,Source: RocketMQ-Source,3,3,0.0,0.0,0.0
2026-04-02 10:23:36,437.2,phase_1,2000,Watermark-Assigner,3,3,0.0,0.0,0.0
2026-04-02 10:23:36,437.2,phase_1,2000,Hardware-Filter,2,3,0.0,0.0,0.0
2026-04-02 10:23:36,437.2,phase_1,2000,Signal-Extraction,2,3,3575.52,3575.52,0.1973
2026-04-02 10:23:36,437.2,phase_1,2000,Feature-Extraction,2,3,3575.32,3575.32,0.0
2026-04-02 10:23:36,437.2,phase_1,2000,Grid-Aggregation,2,3,3577.71,178.73,0.0028
2026-04-02 10:23:36,437.2,phase_1,2000,Sink: GridSummary-Sink,2,3,178.73,0.0,0.0
2026-04-02 10:23:36,437.2,phase_1,2000,Sink: EventFeature-Sink,2,3,3558.59,0.0,0.0
2026-04-02 10:23:41,442.2,phase_1,2000,Source: RocketMQ-Source,3,3,0.0,3968.24,0.0
2026-04-02 10:23:41,442.2,phase_1,2000,Watermark-Assigner,3,3,3971.02,3971.02,0.2311
2026-04-02 10:23:41,442.2,phase_1,2000,Hardware-Filter,2,3,3961.08,3961.08,0.338
2026-04-02 10:23:41,442.2,phase_1,2000,Signal-Extraction,2,3,0.0,0.0,0.0
2026-04-02 10:23:41,442.2,phase_1,2000,Feature-Extraction,2,3,0.0,0.0,0.0
2026-04-02 10:23:41,442.2,phase_1,2000,Grid-Aggregation,2,3,0.0,0.0,0.0
2026-04-02 10:23:41,442.2,phase_1,2000,Sink: GridSummary-Sink,2,3,0.0,0.0,0.0
2026-04-02 10:23:41,442.2,phase_1,2000,Sink: EventFeature-Sink,2,3,0.0,0.0,0.0
2026-04-02 10:23:46,447.2,phase_1,2000,Source: RocketMQ-Source,3,3,0.0,0.0,0.0
2026-04-02 10:23:46,447.2,phase_1,2000,Watermark-Assigner,3,3,0.0,0.0,0.0
2026-04-02 10:23:46,447.2,phase_1,2000,Hardware-Filter,2,3,3951.46,3951.46,0.3358
2026-04-02 10:23:46,447.2,phase_1,2000,Signal-Extraction,2,3,3561.37,3561.37,0.2101
2026-04-02 10:23:46,447.2,phase_1,2000,Feature-Extraction,2,3,3563.96,3563.96,0.0058
2026-04-02 10:23:46,447.2,phase_1,2000,Grid-Aggregation,2,3,3545.63,183.89,0.0133
2026-04-02 10:23:46,447.2,phase_1,2000,Sink: GridSummary-Sink,2,3,183.89,0.0,0.0
2026-04-02 10:23:46,447.2,phase_1,2000,Sink: EventFeature-Sink,2,3,3562.57,0.0,0.0
2026-04-02 10:23:51,452.3,phase_1,2000,Source: RocketMQ-Source,3,3,0.0,3931.3,0.0
2026-04-02 10:23:51,452.3,phase_1,2000,Watermark-Assigner,3,3,3934.68,3934.68,0.2516
2026-04-02 10:23:51,452.3,phase_1,2000,Hardware-Filter,2,3,0.0,0.0,0.0
2026-04-02 10:23:51,452.3,phase_1,2000,Signal-Extraction,2,3,0.0,0.0,0.0
2026-04-02 10:23:51,452.3,phase_1,2000,Feature-Extraction,2,3,0.0,0.0,0.0
2026-04-02 10:23:51,452.3,phase_1,2000,Grid-Aggregation,2,3,0.0,0.0,0.0
2026-04-02 10:23:51,452.3,phase_1,2000,Sink: GridSummary-Sink,2,3,0.0,0.0,0.0
2026-04-02 10:23:51,452.3,phase_1,2000,Sink: EventFeature-Sink,2,3,0.0,0.0,0.0
2026-04-02 10:23:56,457.3,phase_1,2000,Source: RocketMQ-Source,3,3,0.0,0.0,0.0
2026-04-02 10:23:56,457.3,phase_1,2000,Watermark-Assigner,3,3,0.0,0.0,0.0
2026-04-02 10:23:56,457.3,phase_1,2000,Hardware-Filter,2,3,1923.44,1923.44,0.1361
2026-04-02 10:23:56,457.3,phase_1,2000,Signal-Extraction,2,3,3588.53,3588.53,0.2074
2026-04-02 10:23:56,457.3,phase_1,2000,Feature-Extraction,2,3,3565.01,3565.01,0.0097
2026-04-02 10:23:56,457.3,phase_1,2000,Grid-Aggregation,2,3,3583.55,182.2,0.0
2026-04-02 10:23:56,457.3,phase_1,2000,Sink: GridSummary-Sink,2,3,182.2,0.0,0.0
2026-04-02 10:23:56,457.3,phase_1,2000,Sink: EventFeature-Sink,2,3,3566.6,0.0,0.0015
2026-04-02 10:24:01,462.3,phase_1,2000,Source: RocketMQ-Source,3,3,0.0,3957.99,0.0
2026-04-02 10:24:01,462.3,phase_1,2000,Watermark-Assigner,3,3,3956.59,3956.59,0.237
2026-04-02 10:24:01,462.3,phase_1,2000,Hardware-Filter,2,3,2039.06,2039.06,0.198
2026-04-02 10:24:01,462.3,phase_1,2000,Signal-Extraction,2,3,0.0,0.0,0.0
2026-04-02 10:24:01,462.3,phase_1,2000,Feature-Extraction,2,3,0.0,0.0,0.0
2026-04-02 10:24:01,462.3,phase_1,2000,Grid-Aggregation,2,3,0.0,0.0,0.0
2026-04-02 10:24:01,462.3,phase_1,2000,Sink: GridSummary-Sink,2,3,0.0,0.0,0.0
2026-04-02 10:24:01,462.3,phase_1,2000,Sink: EventFeature-Sink,2,3,0.0,0.0,0.0
2026-04-02 10:24:06,467.3,phase_1,2000,Source: RocketMQ-Source,3,3,0.0,0.0,0.0
2026-04-02 10:24:06,467.3,phase_1,2000,Watermark-Assigner,3,3,0.0,0.0,0.0
2026-04-02 10:24:06,467.3,phase_1,2000,Hardware-Filter,2,3,1918.75,1918.75,0.141
2026-04-02 10:24:06,467.3,phase_1,2000,Signal-Extraction,2,3,1725.24,1725.24,0.0816
2026-04-02 10:24:06,467.3,phase_1,2000,Feature-Extraction,2,3,1723.25,1723.25,0.0041
2026-04-02 10:24:06,467.3,phase_1,2000,Grid-Aggregation,2,3,3573.65,183.35,0.0077
2026-04-02 10:24:06,467.3,phase_1,2000,Sink: GridSummary-Sink,2,3,183.35,0.0,0.0
2026-04-02 10:24:06,467.3,phase_1,2000,Sink: EventFeature-Sink,2,3,3582.62,0.0,0.0
2026-04-02 10:24:11,472.4,phase_1,2000,Source: RocketMQ-Source,3,3,0.0,3936.16,0.0
2026-04-02 10:24:11,472.4,phase_1,2000,Watermark-Assigner,3,3,3939.53,3939.53,0.2398
2026-04-02 10:24:11,472.4,phase_1,2000,Hardware-Filter,2,3,2027.57,2027.57,0.1932
2026-04-02 10:24:11,472.4,phase_1,2000,Signal-Extraction,2,3,1831.13,1831.13,0.1265
2026-04-02 10:24:11,472.4,phase_1,2000,Feature-Extraction,2,3,1840.06,1840.06,0.0
2026-04-02 10:24:11,472.4,phase_1,2000,Grid-Aggregation,2,3,0.0,0.0,0.0
2026-04-02 10:24:11,472.4,phase_1,2000,Sink: GridSummary-Sink,2,3,0.0,0.0,0.0
2026-04-02 10:24:11,472.4,phase_1,2000,Sink: EventFeature-Sink,2,3,0.0,0.0,0.0
2026-04-02 10:24:37,497.5,phase_1,2000,Source: RocketMQ-Source,2,2,0.0,0.0,0.0
2026-04-02 10:24:37,497.5,phase_1,2000,Watermark-Assigner,2,2,0.0,0.0,0.0
2026-04-02 10:24:37,497.5,phase_1,2000,Hardware-Filter,2,2,0.0,0.0,0.0
2026-04-02 10:24:37,497.5,phase_1,2000,Signal-Extraction,2,2,0.0,0.0,0.0
2026-04-02 10:24:37,497.5,phase_1,2000,Feature-Extraction,2,2,0.0,0.0,0.0
2026-04-02 10:24:37,497.5,phase_1,2000,Grid-Aggregation,2,2,0.0,0.0,0.0
2026-04-02 10:24:37,497.5,phase_1,2000,Sink: GridSummary-Sink,2,2,0.0,0.0,0.0
2026-04-02 10:24:37,497.5,phase_1,2000,Sink: EventFeature-Sink,2,2,0.0,0.0,0.0
2026-04-02 10:24:42,502.5,phase_1,2000,Source: RocketMQ-Source,2,2,0.0,0.0,0.0
2026-04-02 10:24:42,502.5,phase_1,2000,Watermark-Assigner,2,2,0.0,0.0,0.0
2026-04-02 10:24:42,502.5,phase_1,2000,Hardware-Filter,2,2,5045.71,5045.71,0.3839
2026-04-02 10:24:42,502.5,phase_1,2000,Signal-Extraction,2,2,3182.93,3182.93,0.2175
2026-04-02 10:24:42,502.5,phase_1,2000,Feature-Extraction,2,2,3197.86,3197.86,0.0224
2026-04-02 10:24:42,502.5,phase_1,2000,Grid-Aggregation,2,2,3109.48,224.54,0.0126
2026-04-02 10:24:42,502.5,phase_1,2000,Sink: GridSummary-Sink,2,2,224.54,0.0,0.0
2026-04-02 10:24:42,502.5,phase_1,2000,Sink: EventFeature-Sink,2,2,3171.19,0.0,0.0188
2026-04-02 10:24:47,507.5,phase_1,2000,Source: RocketMQ-Source,2,2,0.0,10314.28,0.0
2026-04-02 10:24:47,507.5,phase_1,2000,Watermark-Assigner,2,2,10330.93,10330.93,1.0
2026-04-02 10:24:47,507.5,phase_1,2000,Hardware-Filter,2,2,5345.07,5345.07,0.9491
2026-04-02 10:24:47,507.5,phase_1,2000,Signal-Extraction,2,2,3379.35,3379.35,0.567
2026-04-02 10:24:47,507.5,phase_1,2000,Feature-Extraction,2,2,3375.38,3375.38,0.0716
2026-04-02 10:24:47,507.5,phase_1,2000,Grid-Aggregation,2,2,3445.56,179.01,0.0497
2026-04-02 10:24:47,507.5,phase_1,2000,Sink: GridSummary-Sink,2,2,179.01,0.0,0.0
2026-04-02 10:24:47,507.5,phase_1,2000,Sink: EventFeature-Sink,2,2,3425.54,0.0,0.34
2026-04-02 10:24:52,512.6,phase_1,2000,Source: RocketMQ-Source,2,2,0.0,1991.93,0.0
2026-04-02 10:24:52,512.6,phase_1,2000,Watermark-Assigner,2,2,5027.56,5027.56,0.5047
2026-04-02 10:24:52,512.6,phase_1,2000,Hardware-Filter,2,2,5026.76,5026.76,0.503
2026-04-02 10:24:52,512.6,phase_1,2000,Signal-Extraction,2,2,4192.8,4192.8,0.3134
2026-04-02 10:24:52,512.6,phase_1,2000,Feature-Extraction,2,2,4201.14,4201.14,0.0025
2026-04-02 10:24:52,512.6,phase_1,2000,Grid-Aggregation,2,2,4245.78,276.0,0.0014
2026-04-02 10:24:52,512.6,phase_1,2000,Sink: GridSummary-Sink,2,2,267.47,0.0,0.0
2026-04-02 10:24:52,512.6,phase_1,2000,Sink: EventFeature-Sink,2,2,4222.77,0.0,0.0049
2026-04-02 10:24:57,517.6,phase_1,2000,Source: RocketMQ-Source,2,2,0.0,3033.93,0.0
2026-04-02 10:24:57,517.6,phase_1,2000,Watermark-Assigner,2,2,0.0,0.0,0.0
2026-04-02 10:24:57,517.6,phase_1,2000,Hardware-Filter,2,2,0.0,0.0,0.0
2026-04-02 10:24:57,517.6,phase_1,2000,Signal-Extraction,2,2,0.0,0.0,0.0
2026-04-02 10:24:57,517.6,phase_1,2000,Feature-Extraction,2,2,0.0,0.0,0.0
2026-04-02 10:24:57,517.6,phase_1,2000,Grid-Aggregation,2,2,0.0,0.0,0.0
2026-04-02 10:24:57,517.6,phase_1,2000,Sink: GridSummary-Sink,2,2,0.0,0.0,0.0
2026-04-02 10:24:57,517.6,phase_1,2000,Sink: EventFeature-Sink,2,2,0.0,0.0,0.0
2026-04-02 10:25:02,522.6,phase_1,2000,Source: RocketMQ-Source,2,2,0.0,0.0,0.0
2026-04-02 10:25:02,522.6,phase_1,2000,Watermark-Assigner,2,2,0.0,0.0,0.0
2026-04-02 10:25:02,522.6,phase_1,2000,Hardware-Filter,2,2,0.0,0.0,0.0
2026-04-02 10:25:02,522.6,phase_1,2000,Signal-Extraction,2,2,1730.91,1730.91,0.0848
2026-04-02 10:25:02,522.6,phase_1,2000,Feature-Extraction,2,2,3565.61,3565.61,0.0015
2026-04-02 10:25:02,522.6,phase_1,2000,Grid-Aggregation,2,2,3558.65,172.79,0.0023
2026-04-02 10:25:02,522.6,phase_1,2000,Sink: GridSummary-Sink,2,2,181.34,0.0,0.0
2026-04-02 10:25:02,522.6,phase_1,2000,Sink: EventFeature-Sink,2,2,3566.2,0.0,0.0
2026-04-02 10:25:07,527.7,phase_1,2000,Source: RocketMQ-Source,2,2,0.0,3941.56,0.0
2026-04-02 10:25:07,527.7,phase_1,2000,Watermark-Assigner,2,2,3938.38,3938.38,0.3314
2026-04-02 10:25:07,527.7,phase_1,2000,Hardware-Filter,2,2,3938.78,3938.78,0.3307
2026-04-02 10:25:07,527.7,phase_1,2000,Signal-Extraction,2,2,1830.94,1830.94,0.1203
2026-04-02 10:25:07,527.7,phase_1,2000,Feature-Extraction,2,2,0.0,0.0,0.0
2026-04-02 10:25:07,527.7,phase_1,2000,Grid-Aggregation,2,2,0.0,0.0,0.0
2026-04-02 10:25:07,527.7,phase_1,2000,Sink: GridSummary-Sink,2,2,0.0,0.0,0.0
2026-04-02 10:25:07,527.7,phase_1,2000,Sink: EventFeature-Sink,2,2,0.0,0.0,0.0
2026-04-02 10:25:12,532.7,phase_1,2000,Source: RocketMQ-Source,2,2,0.0,0.0,0.0
2026-04-02 10:25:12,532.7,phase_1,2000,Watermark-Assigner,2,2,0.0,0.0,0.0
2026-04-02 10:25:12,532.7,phase_1,2000,Hardware-Filter,2,2,0.0,0.0,0.0
2026-04-02 10:25:12,532.7,phase_1,2000,Signal-Extraction,2,2,1722.91,1722.91,0.0863
2026-04-02 10:25:12,532.7,phase_1,2000,Feature-Extraction,2,2,1720.52,1720.52,0.008
2026-04-02 10:25:12,532.7,phase_1,2000,Grid-Aggregation,2,2,1667.58,93.54,0.0061
2026-04-02 10:25:12,532.7,phase_1,2000,Sink: GridSummary-Sink,2,2,179.91,0.0,0.0
2026-04-02 10:25:12,532.7,phase_1,2000,Sink: EventFeature-Sink,2,2,3575.39,0.0,0.0
2026-04-02 10:25:17,537.7,phase_1,2000,Source: RocketMQ-Source,2,2,0.0,3938.84,0.0
2026-04-02 10:25:17,537.7,phase_1,2000,Watermark-Assigner,2,2,3942.02,3942.02,0.3392
2026-04-02 10:25:17,537.7,phase_1,2000,Hardware-Filter,2,2,3938.64,3938.64,0.3297
2026-04-02 10:25:17,537.7,phase_1,2000,Signal-Extraction,2,2,1832.98,1832.98,0.1283
2026-04-02 10:25:17,537.7,phase_1,2000,Feature-Extraction,2,2,1838.95,1838.95,0.0054
2026-04-02 10:25:17,537.7,phase_1,2000,Grid-Aggregation,2,2,1880.09,86.25,0.0028
2026-04-02 10:25:17,537.7,phase_1,2000,Sink: GridSummary-Sink,2,2,0.0,0.0,0.0
2026-04-02 10:25:17,537.7,phase_1,2000,Sink: EventFeature-Sink,2,2,0.0,0.0,0.0
2026-04-02 10:25:22,542.8,phase_1,2000,Source: RocketMQ-Source,2,2,0.0,0.0,0.0
2026-04-02 10:25:22,542.8,phase_1,2000,Watermark-Assigner,2,2,0.0,0.0,0.0
2026-04-02 10:25:22,542.8,phase_1,2000,Hardware-Filter,2,2,0.0,0.0,0.0
2026-04-02 10:25:22,542.8,phase_1,2000,Signal-Extraction,2,2,1732.52,1732.52,0.0824
2026-04-02 10:25:22,542.8,phase_1,2000,Feature-Extraction,2,2,3548.48,3548.48,0.0
2026-04-02 10:25:22,542.8,phase_1,2000,Grid-Aggregation,2,2,3538.52,181.0,0.0107
2026-04-02 10:25:22,542.8,phase_1,2000,Sink: GridSummary-Sink,2,2,181.0,0.0,0.0
2026-04-02 10:25:22,542.8,phase_1,2000,Sink: EventFeature-Sink,2,2,3534.94,0.0,0.0
2026-04-02 10:25:27,547.8,phase_1,2000,Source: RocketMQ-Source,2,2,0.0,3938.28,0.0
2026-04-02 10:25:27,547.8,phase_1,2000,Watermark-Assigner,2,2,3940.26,3940.26,0.3096
2026-04-02 10:25:27,547.8,phase_1,2000,Hardware-Filter,2,2,3942.45,3942.45,0.3108
2026-04-02 10:25:27,547.8,phase_1,2000,Signal-Extraction,2,2,1817.56,1817.56,0.1149
2026-04-02 10:25:27,547.8,phase_1,2000,Feature-Extraction,2,2,0.0,0.0,0.0
2026-04-02 10:25:27,547.8,phase_1,2000,Grid-Aggregation,2,2,0.0,0.0,0.0
2026-04-02 10:25:27,547.8,phase_1,2000,Sink: GridSummary-Sink,2,2,0.0,0.0,0.0
2026-04-02 10:25:27,547.8,phase_1,2000,Sink: EventFeature-Sink,2,2,0.0,0.0,0.0
2026-04-02 10:25:32,552.8,phase_1,2000,Source: RocketMQ-Source,2,2,0.0,0.0,0.0
2026-04-02 10:25:32,552.8,phase_1,2000,Watermark-Assigner,2,2,0.0,0.0,0.0
2026-04-02 10:25:32,552.8,phase_1,2000,Hardware-Filter,2,2,1916.95,1916.95,0.1356
2026-04-02 10:25:32,552.8,phase_1,2000,Signal-Extraction,2,2,3555.83,3555.83,0.2052
2026-04-02 10:25:32,552.8,phase_1,2000,Feature-Extraction,2,2,3572.18,3572.18,0.0043
2026-04-02 10:25:32,552.8,phase_1,2000,Grid-Aggregation,2,2,3583.94,185.77,0.0
2026-04-02 10:25:32,552.8,phase_1,2000,Sink: GridSummary-Sink,2,2,185.77,0.0,0.0084
2026-04-02 10:25:32,552.8,phase_1,2000,Sink: EventFeature-Sink,2,2,3562.41,0.0,0.0
2026-04-02 10:25:37,557.8,phase_1,2000,Source: RocketMQ-Source,2,2,0.0,3932.91,0.0
2026-04-02 10:25:37,557.8,phase_1,2000,Watermark-Assigner,2,2,3931.33,3931.33,0.3157
2026-04-02 10:25:37,557.8,phase_1,2000,Hardware-Filter,2,2,2024.26,2024.26,0.1958
2026-04-02 10:25:37,557.8,phase_1,2000,Signal-Extraction,2,2,0.0,0.0,0.0
2026-04-02 10:25:37,557.8,phase_1,2000,Feature-Extraction,2,2,0.0,0.0,0.0
2026-04-02 10:25:37,557.8,phase_1,2000,Grid-Aggregation,2,2,0.0,0.0,0.0
2026-04-02 10:25:37,557.8,phase_1,2000,Sink: GridSummary-Sink,2,2,0.0,0.0,0.0
2026-04-02 10:25:37,557.8,phase_1,2000,Sink: EventFeature-Sink,2,2,0.0,0.0,0.0
2026-04-02 10:25:42,562.9,phase_1,2000,Source: RocketMQ-Source,2,2,0.0,0.0,0.0
2026-04-02 10:25:42,562.9,phase_1,2000,Watermark-Assigner,2,2,0.0,0.0,0.0
2026-04-02 10:25:42,562.9,phase_1,2000,Hardware-Filter,2,2,1920.45,1920.45,0.1282
2026-04-02 10:25:42,562.9,phase_1,2000,Signal-Extraction,2,2,1721.53,1721.53,0.0822
2026-04-02 10:25:42,562.9,phase_1,2000,Feature-Extraction,2,2,3553.37,3553.37,0.007
2026-04-02 10:25:42,562.9,phase_1,2000,Grid-Aggregation,2,2,3558.55,187.37,0.0038
2026-04-02 10:25:42,562.9,phase_1,2000,Sink: GridSummary-Sink,2,2,187.37,0.0,0.0
2026-04-02 10:25:42,562.9,phase_1,2000,Sink: EventFeature-Sink,2,2,3558.55,0.0,0.0021
2026-04-02 10:25:47,567.9,phase_1,2000,Source: RocketMQ-Source,2,2,0.0,3956.74,0.0
2026-04-02 10:25:47,567.9,phase_1,2000,Watermark-Assigner,2,2,3956.74,3956.74,0.308
2026-04-02 10:25:47,567.9,phase_1,2000,Hardware-Filter,2,2,2036.63,2036.63,0.1898
2026-04-02 10:25:47,567.9,phase_1,2000,Signal-Extraction,2,2,1839.78,1839.78,0.1134
2026-04-02 10:25:47,567.9,phase_1,2000,Feature-Extraction,2,2,0.0,0.0,0.0
2026-04-02 10:25:47,567.9,phase_1,2000,Grid-Aggregation,2,2,0.0,0.0,0.0
2026-04-02 10:25:47,567.9,phase_1,2000,Sink: GridSummary-Sink,2,2,0.0,0.0,0.0
2026-04-02 10:25:47,567.9,phase_1,2000,Sink: EventFeature-Sink,2,2,0.0,0.0,0.0
2026-04-02 10:25:52,572.9,phase_1,2000,Source: RocketMQ-Source,2,2,0.0,0.0,0.0
2026-04-02 10:25:52,572.9,phase_1,2000,Watermark-Assigner,2,2,0.0,0.0,0.0
2026-04-02 10:25:52,572.9,phase_1,2000,Hardware-Filter,2,2,3939.93,3939.93,0.3012
2026-04-02 10:25:52,572.9,phase_1,2000,Signal-Extraction,2,2,3536.83,3536.83,0.1978
2026-04-02 10:25:52,572.9,phase_1,2000,Feature-Extraction,2,2,3544.99,3544.99,0.0033
2026-04-02 10:25:52,572.9,phase_1,2000,Grid-Aggregation,2,2,3523.5,183.65,0.0258
2026-04-02 10:25:52,572.9,phase_1,2000,Sink: GridSummary-Sink,2,2,183.65,0.0,0.0
2026-04-02 10:25:52,572.9,phase_1,2000,Sink: EventFeature-Sink,2,2,3540.21,0.0,0.0068
2026-04-02 10:25:57,578.0,phase_1,2000,Source: RocketMQ-Source,2,2,0.0,3938.15,0.0
2026-04-02 10:25:57,578.0,phase_1,2000,Watermark-Assigner,2,2,3938.15,3938.15,0.3061
2026-04-02 10:25:57,578.0,phase_1,2000,Hardware-Filter,2,2,0.0,0.0,0.0
2026-04-02 10:25:57,578.0,phase_1,2000,Signal-Extraction,2,2,0.0,0.0,0.0
2026-04-02 10:25:57,578.0,phase_1,2000,Feature-Extraction,2,2,0.0,0.0,0.0
2026-04-02 10:25:57,578.0,phase_1,2000,Grid-Aggregation,2,2,0.0,0.0,0.0
2026-04-02 10:25:57,578.0,phase_1,2000,Sink: GridSummary-Sink,2,2,0.0,0.0,0.0
2026-04-02 10:25:57,578.0,phase_1,2000,Sink: EventFeature-Sink,2,2,0.0,0.0,0.0
2026-04-02 10:26:02,583.0,phase_1,2000,Source: RocketMQ-Source,2,2,0.0,0.0,0.0
2026-04-02 10:26:02,583.0,phase_1,2000,Watermark-Assigner,2,2,0.0,0.0,0.0
2026-04-02 10:26:02,583.0,phase_1,2000,Hardware-Filter,2,2,0.0,0.0,0.0
2026-04-02 10:26:02,583.0,phase_1,2000,Signal-Extraction,2,2,1720.3,1720.3,0.082
2026-04-02 10:26:02,583.0,phase_1,2000,Feature-Extraction,2,2,1708.55,1708.55,0.0
2026-04-02 10:26:02,583.0,phase_1,2000,Grid-Aggregation,2,2,3550.01,186.32,0.0
2026-04-02 10:26:02,583.0,phase_1,2000,Sink: GridSummary-Sink,2,2,186.32,0.0,0.0
2026-04-02 10:26:02,583.0,phase_1,2000,Sink: EventFeature-Sink,2,2,3543.43,0.0,0.0
2026-04-02 10:26:07,588.0,phase_1,2000,Source: RocketMQ-Source,2,2,0.0,3937.87,0.0
2026-04-02 10:26:07,588.0,phase_1,2000,Watermark-Assigner,2,2,3936.47,3936.47,0.3066
2026-04-02 10:26:07,588.0,phase_1,2000,Hardware-Filter,2,2,3934.68,3934.68,0.311
2026-04-02 10:26:07,588.0,phase_1,2000,Signal-Extraction,2,2,1830.91,1830.91,0.1101
2026-04-02 10:26:07,588.0,phase_1,2000,Feature-Extraction,2,2,1825.94,1825.94,0.0017
2026-04-02 10:26:07,588.0,phase_1,2000,Grid-Aggregation,2,2,0.0,0.0,0.0
2026-04-02 10:26:07,588.0,phase_1,2000,Sink: GridSummary-Sink,2,2,0.0,0.0,0.0
2026-04-02 10:26:07,588.0,phase_1,2000,Sink: EventFeature-Sink,2,2,0.0,0.0,0.0
2026-04-02 10:26:12,593.0,phase_1,2000,Source: RocketMQ-Source,2,2,0.0,0.0,0.0
2026-04-02 10:26:12,593.0,phase_1,2000,Watermark-Assigner,2,2,0.0,0.0,0.0
2026-04-02 10:26:12,593.0,phase_1,2000,Hardware-Filter,2,2,1913.23,1913.23,0.1317
2026-04-02 10:26:12,593.0,phase_1,2000,Signal-Extraction,2,2,3558.44,3558.44,0.2006
2026-04-02 10:26:12,593.0,phase_1,2000,Feature-Extraction,2,2,3546.71,3546.71,0.0089
2026-04-02 10:26:12,593.0,phase_1,2000,Grid-Aggregation,2,2,3555.06,183.11,0.0
2026-04-02 10:26:12,593.0,phase_1,2000,Sink: GridSummary-Sink,2,2,183.11,0.0,0.0
2026-04-02 10:26:12,593.0,phase_1,2000,Sink: EventFeature-Sink,2,2,3554.47,0.0,0.0
2026-04-02 10:26:17,598.0,phase_1,2000,Source: RocketMQ-Source,2,2,0.0,3943.94,0.0
2026-04-02 10:26:17,598.0,phase_1,2000,Watermark-Assigner,2,2,3946.73,3946.73,0.3036
2026-04-02 10:26:17,598.0,phase_1,2000,Hardware-Filter,2,2,2030.73,2030.73,0.1777
2026-04-02 10:26:17,598.0,phase_1,2000,Signal-Extraction,2,2,0.0,0.0,0.0
2026-04-02 10:26:17,598.0,phase_1,2000,Feature-Extraction,2,2,0.0,0.0,0.0
2026-04-02 10:26:17,598.0,phase_1,2000,Grid-Aggregation,2,2,0.0,0.0,0.0
2026-04-02 10:26:17,598.0,phase_1,2000,Sink: GridSummary-Sink,2,2,0.0,0.0,0.0
2026-04-02 10:26:17,598.0,phase_1,2000,Sink: EventFeature-Sink,2,2,0.0,0.0,0.0
2026-04-02 10:26:22,603.1,phase_1,2000,Source: RocketMQ-Source,2,2,0.0,0.0,0.0
2026-04-02 10:26:22,603.1,phase_1,2000,Watermark-Assigner,2,2,0.0,0.0,0.0
2026-04-02 10:26:22,603.1,phase_1,2000,Hardware-Filter,2,2,3941.44,3941.44,0.3071
2026-04-02 10:26:22,603.1,phase_1,2000,Signal-Extraction,2,2,3558.67,3558.67,0.1981
2026-04-02 10:26:22,603.1,phase_1,2000,Feature-Extraction,2,2,3577.6,3577.6,0.0
2026-04-02 10:26:22,603.1,phase_1,2000,Grid-Aggregation,2,2,3576.4,182.12,0.0
2026-04-02 10:26:22,603.1,phase_1,2000,Sink: GridSummary-Sink,2,2,182.12,0.0,0.0
2026-04-02 10:26:22,603.1,phase_1,2000,Sink: EventFeature-Sink,2,2,3588.16,0.0,0.0
2026-04-02 10:26:27,608.1,phase_1,2000,Source: RocketMQ-Source,2,2,0.0,3930.55,0.0
2026-04-02 10:26:27,608.1,phase_1,2000,Watermark-Assigner,2,2,3928.16,3928.16,0.3018
2026-04-02 10:26:27,608.1,phase_1,2000,Hardware-Filter,2,2,0.0,0.0,0.0
2026-04-02 10:26:27,608.1,phase_1,2000,Signal-Extraction,2,2,0.0,0.0,0.0
2026-04-02 10:26:27,608.1,phase_1,2000,Feature-Extraction,2,2,0.0,0.0,0.0
2026-04-02 10:26:27,608.1,phase_1,2000,Grid-Aggregation,2,2,0.0,0.0,0.0
2026-04-02 10:26:27,608.1,phase_1,2000,Sink: GridSummary-Sink,2,2,0.0,0.0,0.0
2026-04-02 10:26:27,608.1,phase_1,2000,Sink: EventFeature-Sink,2,2,0.0,0.0,0.0
2026-04-02 10:26:32,613.1,phase_1,2000,Source: RocketMQ-Source,2,2,0.0,0.0,0.0
2026-04-02 10:26:32,613.1,phase_1,2000,Watermark-Assigner,2,2,0.0,0.0,0.0
2026-04-02 10:26:32,613.1,phase_1,2000,Hardware-Filter,2,2,3945.17,3945.17,0.3082
2026-04-02 10:26:32,613.1,phase_1,2000,Signal-Extraction,2,2,3550.77,3550.77,0.1959
2026-04-02 10:26:32,613.1,phase_1,2000,Feature-Extraction,2,2,3542.8,3542.8,0.0067
2026-04-02 10:26:32,613.1,phase_1,2000,Grid-Aggregation,2,2,3535.83,167.12,0.0044
2026-04-02 10:26:32,613.1,phase_1,2000,Sink: GridSummary-Sink,2,2,167.12,0.0,0.0
2026-04-02 10:26:32,613.1,phase_1,2000,Sink: EventFeature-Sink,2,2,3542.8,0.0,0.0
2026-04-02 10:26:37,618.2,phase_1,2000,Source: RocketMQ-Source,2,2,0.0,3938.9,0.0
2026-04-02 10:26:37,618.2,phase_1,2000,Watermark-Assigner,2,2,3937.31,3937.31,0.3154
2026-04-02 10:26:37,618.2,phase_1,2000,Hardware-Filter,2,2,0.0,0.0,0.0
2026-04-02 10:26:37,618.2,phase_1,2000,Signal-Extraction,2,2,0.0,0.0,0.0
2026-04-02 10:26:37,618.2,phase_1,2000,Feature-Extraction,2,2,0.0,0.0,0.0
2026-04-02 10:26:37,618.2,phase_1,2000,Grid-Aggregation,2,2,0.0,0.0,0.0
2026-04-02 10:26:37,618.2,phase_1,2000,Sink: GridSummary-Sink,2,2,0.0,0.0,0.0
2026-04-02 10:26:37,618.2,phase_1,2000,Sink: EventFeature-Sink,2,2,0.0,0.0,0.0
2026-04-02 10:26:42,623.2,phase_1,2000,Source: RocketMQ-Source,2,2,0.0,0.0,0.0
2026-04-02 10:26:42,623.2,phase_1,2000,Watermark-Assigner,2,2,0.0,0.0,0.0
2026-04-02 10:26:42,623.2,phase_1,2000,Hardware-Filter,2,2,3942.87,3942.87,0.3015
2026-04-02 10:26:42,623.2,phase_1,2000,Signal-Extraction,2,2,3547.32,3547.32,0.1911
2026-04-02 10:26:42,623.2,phase_1,2000,Feature-Extraction,2,2,3545.93,3545.93,0.0016
2026-04-02 10:26:42,623.2,phase_1,2000,Grid-Aggregation,2,2,3536.96,178.74,0.0078
2026-04-02 10:26:42,623.2,phase_1,2000,Sink: GridSummary-Sink,2,2,178.74,0.0,0.0
2026-04-02 10:26:42,623.2,phase_1,2000,Sink: EventFeature-Sink,2,2,3545.93,0.0,0.0
2026-04-02 10:26:47,628.2,phase_1,2000,Source: RocketMQ-Source,2,2,0.0,3939.51,0.0
2026-04-02 10:26:47,628.2,phase_1,2000,Watermark-Assigner,2,2,3940.31,3940.31,0.3069
2026-04-02 10:26:47,628.2,phase_1,2000,Hardware-Filter,2,2,0.0,0.0,0.0
2026-04-02 10:26:47,628.2,phase_1,2000,Signal-Extraction,2,2,0.0,0.0,0.0
2026-04-02 10:26:47,628.2,phase_1,2000,Feature-Extraction,2,2,0.0,0.0,0.0
2026-04-02 10:26:47,628.2,phase_1,2000,Grid-Aggregation,2,2,0.0,0.0,0.0
2026-04-02 10:26:47,628.2,phase_1,2000,Sink: GridSummary-Sink,2,2,0.0,0.0,0.0
2026-04-02 10:26:47,628.2,phase_1,2000,Sink: EventFeature-Sink,2,2,0.0,0.0,0.0
2026-04-02 10:26:52,633.2,phase_1,2000,Source: RocketMQ-Source,2,2,0.0,0.0,0.0
2026-04-02 10:26:52,633.2,phase_1,2000,Watermark-Assigner,2,2,0.0,0.0,0.0
2026-04-02 10:26:52,633.2,phase_1,2000,Hardware-Filter,2,2,3951.51,3951.51,0.3121
2026-04-02 10:26:52,633.2,phase_1,2000,Signal-Extraction,2,2,3553.75,3553.75,0.193
2026-04-02 10:26:52,633.2,phase_1,2000,Feature-Extraction,2,2,3553.55,3553.55,0.0
2026-04-02 10:26:52,633.2,phase_1,2000,Grid-Aggregation,2,2,3590.84,183.23,0.0
2026-04-02 10:26:52,633.2,phase_1,2000,Sink: GridSummary-Sink,2,2,183.23,0.0,0.0
2026-04-02 10:26:52,633.2,phase_1,2000,Sink: EventFeature-Sink,2,2,3535.41,0.0,0.0105
2026-04-02 10:26:57,638.2,phase_1,2000,Source: RocketMQ-Source,2,2,0.0,3931.51,0.0
2026-04-02 10:26:57,638.2,phase_1,2000,Watermark-Assigner,2,2,3931.91,3931.91,0.2987
2026-04-02 10:26:57,638.2,phase_1,2000,Hardware-Filter,2,2,0.0,0.0,0.0
2026-04-02 10:26:57,638.2,phase_1,2000,Signal-Extraction,2,2,0.0,0.0,0.0
2026-04-02 10:26:57,638.2,phase_1,2000,Feature-Extraction,2,2,0.0,0.0,0.0
2026-04-02 10:26:57,638.2,phase_1,2000,Grid-Aggregation,2,2,0.0,0.0,0.0
2026-04-02 10:26:57,638.2,phase_1,2000,Sink: GridSummary-Sink,2,2,0.0,0.0,0.0
2026-04-02 10:26:57,638.2,phase_1,2000,Sink: EventFeature-Sink,2,2,0.0,0.0,0.0
2026-04-02 10:27:02,643.3,phase_1,2000,Source: RocketMQ-Source,2,2,0.0,0.0,0.0
2026-04-02 10:27:02,643.3,phase_1,2000,Watermark-Assigner,2,2,0.0,0.0,0.0
2026-04-02 10:27:02,643.3,phase_1,2000,Hardware-Filter,2,2,3948.2,3948.2,0.3222
2026-04-02 10:27:02,643.3,phase_1,2000,Signal-Extraction,2,2,3547.62,3547.62,0.1941
2026-04-02 10:27:02,643.3,phase_1,2000,Feature-Extraction,2,2,3547.82,3547.82,0.0
2026-04-02 10:27:02,643.3,phase_1,2000,Grid-Aggregation,2,2,3547.82,178.17,0.0
2026-04-02 10:27:02,643.3,phase_1,2000,Sink: GridSummary-Sink,2,2,178.17,0.0,0.0
2026-04-02 10:27:02,643.3,phase_1,2000,Sink: EventFeature-Sink,2,2,3547.22,0.0,0.0
2026-04-02 10:27:07,648.3,phase_1,2000,Source: RocketMQ-Source,2,2,0.0,3940.57,0.0
2026-04-02 10:27:07,648.3,phase_1,2000,Watermark-Assigner,2,2,3942.16,3942.16,0.305
2026-04-02 10:27:07,648.3,phase_1,2000,Hardware-Filter,2,2,0.0,0.0,0.0
2026-04-02 10:27:07,648.3,phase_1,2000,Signal-Extraction,2,2,0.0,0.0,0.0
2026-04-02 10:27:07,648.3,phase_1,2000,Feature-Extraction,2,2,0.0,0.0,0.0
2026-04-02 10:27:07,648.3,phase_1,2000,Grid-Aggregation,2,2,0.0,0.0,0.0
2026-04-02 10:27:07,648.3,phase_1,2000,Sink: GridSummary-Sink,2,2,0.0,0.0,0.0
2026-04-02 10:27:07,648.3,phase_1,2000,Sink: EventFeature-Sink,2,2,0.0,0.0,0.0
2026-04-02 10:27:12,653.3,phase_1,2000,Source: RocketMQ-Source,2,2,0.0,0.0,0.0
2026-04-02 10:27:12,653.3,phase_1,2000,Watermark-Assigner,2,2,0.0,0.0,0.0
2026-04-02 10:27:12,653.3,phase_1,2000,Hardware-Filter,2,2,3947.15,3947.15,0.3082
2026-04-02 10:27:12,653.3,phase_1,2000,Signal-Extraction,2,2,3546.66,3546.66,0.1985
2026-04-02 10:27:12,653.3,phase_1,2000,Feature-Extraction,2,2,3560.61,3560.61,0.0
2026-04-02 10:27:12,653.3,phase_1,2000,Grid-Aggregation,2,2,3543.67,180.61,0.001
2026-04-02 10:27:12,653.3,phase_1,2000,Sink: GridSummary-Sink,2,2,180.61,0.0,0.0
2026-04-02 10:27:12,653.3,phase_1,2000,Sink: EventFeature-Sink,2,2,3554.03,0.0,0.0
2026-04-02 10:27:17,658.3,phase_1,2000,Source: RocketMQ-Source,2,2,0.0,3938.97,0.0
2026-04-02 10:27:17,658.3,phase_1,2000,Watermark-Assigner,2,2,3939.17,3939.17,0.3131
2026-04-02 10:27:17,658.3,phase_1,2000,Hardware-Filter,2,2,0.0,0.0,0.0
2026-04-02 10:27:17,658.3,phase_1,2000,Signal-Extraction,2,2,0.0,0.0,0.0
2026-04-02 10:27:17,658.3,phase_1,2000,Feature-Extraction,2,2,0.0,0.0,0.0
2026-04-02 10:27:17,658.3,phase_1,2000,Grid-Aggregation,2,2,0.0,0.0,0.0
2026-04-02 10:27:17,658.3,phase_1,2000,Sink: GridSummary-Sink,2,2,0.0,0.0,0.0
2026-04-02 10:27:17,658.3,phase_1,2000,Sink: EventFeature-Sink,2,2,0.0,0.0,0.0
2026-04-02 10:27:22,663.4,phase_1,2000,Source: RocketMQ-Source,2,2,0.0,0.0,0.0
2026-04-02 10:27:22,663.4,phase_1,2000,Watermark-Assigner,2,2,0.0,0.0,0.0
2026-04-02 10:27:22,663.4,phase_1,2000,Hardware-Filter,2,2,3944.89,3944.89,0.2965
2026-04-02 10:27:22,663.4,phase_1,2000,Signal-Extraction,2,2,3559.75,3559.75,0.1928
2026-04-02 10:27:22,663.4,phase_1,2000,Feature-Extraction,2,2,3546.0,3546.0,0.0129
2026-04-02 10:27:22,663.4,phase_1,2000,Grid-Aggregation,2,2,3562.94,180.21,0.0
2026-04-02 10:27:22,663.4,phase_1,2000,Sink: GridSummary-Sink,2,2,180.21,0.0,0.0
2026-04-02 10:27:22,663.4,phase_1,2000,Sink: EventFeature-Sink,2,2,3571.31,0.0,0.0
2026-04-02 10:27:27,668.4,drain,0,Source: RocketMQ-Source,2,2,0.0,3936.54,0.0
2026-04-02 10:27:27,668.4,drain,0,Watermark-Assigner,2,2,3934.16,3934.16,0.3149
2026-04-02 10:27:27,668.4,drain,0,Hardware-Filter,2,2,0.0,0.0,0.0
2026-04-02 10:27:27,668.4,drain,0,Signal-Extraction,2,2,0.0,0.0,0.0
2026-04-02 10:27:28,668.4,drain,0,Feature-Extraction,2,2,0.0,0.0,0.0
2026-04-02 10:27:28,668.4,drain,0,Grid-Aggregation,2,2,0.0,0.0,0.0
2026-04-02 10:27:28,668.4,drain,0,Sink: GridSummary-Sink,2,2,0.0,0.0,0.0
2026-04-02 10:27:28,668.4,drain,0,Sink: EventFeature-Sink,2,2,0.0,0.0,0.0
2026-04-02 10:27:33,673.4,drain,0,Source: RocketMQ-Source,2,2,0.0,0.0,0.0
2026-04-02 10:27:33,673.4,drain,0,Watermark-Assigner,2,2,0.0,0.0,0.0
2026-04-02 10:27:33,673.4,drain,0,Hardware-Filter,2,2,45.64,45.64,0.0
2026-04-02 10:27:33,673.4,drain,0,Signal-Extraction,2,2,45.84,45.84,0.0
2026-04-02 10:27:33,673.4,drain,0,Feature-Extraction,2,2,69.35,69.35,0.0352
2026-04-02 10:27:33,673.4,drain,0,Grid-Aggregation,2,2,69.35,0.0,0.078
2026-04-02 10:27:33,673.4,drain,0,Sink: GridSummary-Sink,2,2,0.0,0.0,0.0
2026-04-02 10:27:33,673.4,drain,0,Sink: EventFeature-Sink,2,2,69.35,0.0,0.0288
2026-04-02 10:27:38,678.4,drain,0,Source: RocketMQ-Source,2,2,0.0,39.78,0.0
2026-04-02 10:27:38,678.4,drain,0,Watermark-Assigner,2,2,43.36,43.36,0.0
2026-04-02 10:27:38,678.4,drain,0,Hardware-Filter,2,2,0.0,0.0,0.0
2026-04-02 10:27:38,678.4,drain,0,Signal-Extraction,2,2,0.0,0.0,0.0
2026-04-02 10:27:38,678.4,drain,0,Feature-Extraction,2,2,0.0,0.0,0.0
2026-04-02 10:27:38,678.4,drain,0,Grid-Aggregation,2,2,0.0,0.0,0.0
2026-04-02 10:27:38,678.4,drain,0,Sink: GridSummary-Sink,2,2,0.0,0.0,0.0
2026-04-02 10:27:38,678.4,drain,0,Sink: EventFeature-Sink,2,2,0.0,0.0,0.0
2026-04-02 10:27:43,683.4,drain,0,Source: RocketMQ-Source,2,2,0.0,0.0,0.0
2026-04-02 10:27:43,683.4,drain,0,Watermark-Assigner,2,2,0.0,0.0,0.0
2026-04-02 10:27:43,683.4,drain,0,Hardware-Filter,2,2,0.0,0.0,0.0
2026-04-02 10:27:43,683.4,drain,0,Signal-Extraction,2,2,0.0,0.0,0.0
2026-04-02 10:27:43,683.4,drain,0,Feature-Extraction,2,2,0.0,0.0,0.0
2026-04-02 10:27:43,683.4,drain,0,Grid-Aggregation,2,2,0.0,0.0,0.0
2026-04-02 10:27:43,683.4,drain,0,Sink: GridSummary-Sink,2,2,0.0,0.0,0.0
2026-04-02 10:27:43,683.4,drain,0,Sink: EventFeature-Sink,2,2,0.0,0.0,0.0
2026-04-02 10:27:48,688.5,drain,0,Source: RocketMQ-Source,2,2,0.0,0.0,0.0
2026-04-02 10:27:48,688.5,drain,0,Watermark-Assigner,2,2,0.0,0.0,0.0
2026-04-02 10:27:48,688.5,drain,0,Hardware-Filter,2,2,0.0,0.0,0.0
2026-04-02 10:27:48,688.5,drain,0,Signal-Extraction,2,2,0.0,0.0,0.0
2026-04-02 10:27:48,688.5,drain,0,Feature-Extraction,2,2,0.0,0.0,0.0
2026-04-02 10:27:48,688.5,drain,0,Grid-Aggregation,2,2,0.0,0.0,0.0
2026-04-02 10:27:48,688.5,drain,0,Sink: GridSummary-Sink,2,2,0.0,0.0,0.0
2026-04-02 10:27:48,688.5,drain,0,Sink: EventFeature-Sink,2,2,0.0,0.0,0.0
2026-04-02 10:27:53,693.5,drain,0,Source: RocketMQ-Source,2,2,0.0,0.0,0.0
2026-04-02 10:27:53,693.5,drain,0,Watermark-Assigner,2,2,0.0,0.0,0.0
2026-04-02 10:27:53,693.5,drain,0,Hardware-Filter,2,2,0.0,0.0,0.0
2026-04-02 10:27:53,693.5,drain,0,Signal-Extraction,2,2,0.0,0.0,0.0
2026-04-02 10:27:53,693.5,drain,0,Feature-Extraction,2,2,0.0,0.0,0.0
2026-04-02 10:27:53,693.5,drain,0,Grid-Aggregation,2,2,0.0,0.0,0.0
2026-04-02 10:27:53,693.5,drain,0,Sink: GridSummary-Sink,2,2,0.0,0.0,0.0
2026-04-02 10:27:53,693.5,drain,0,Sink: EventFeature-Sink,2,2,0.0,0.0,0.0
2026-04-02 10:27:58,698.5,drain,0,Source: RocketMQ-Source,2,2,0.0,0.0,0.0
2026-04-02 10:27:58,698.5,drain,0,Watermark-Assigner,2,2,0.0,0.0,0.0
2026-04-02 10:27:58,698.5,drain,0,Hardware-Filter,2,2,0.0,0.0,0.0
2026-04-02 10:27:58,698.5,drain,0,Signal-Extraction,2,2,0.0,0.0,0.0
2026-04-02 10:27:58,698.5,drain,0,Feature-Extraction,2,2,0.0,0.0,0.0
2026-04-02 10:27:58,698.5,drain,0,Grid-Aggregation,2,2,0.0,0.0,0.0
2026-04-02 10:27:58,698.5,drain,0,Sink: GridSummary-Sink,2,2,0.0,0.0,0.0
2026-04-02 10:27:58,698.5,drain,0,Sink: EventFeature-Sink,2,2,0.0,0.0,0.0
2026-04-02 10:28:03,703.5,drain,0,Source: RocketMQ-Source,2,2,0.0,0.0,0.0
2026-04-02 10:28:03,703.5,drain,0,Watermark-Assigner,2,2,0.0,0.0,0.0
2026-04-02 10:28:03,703.5,drain,0,Hardware-Filter,2,2,0.0,0.0,0.0
2026-04-02 10:28:03,703.5,drain,0,Signal-Extraction,2,2,0.0,0.0,0.0
2026-04-02 10:28:03,703.5,drain,0,Feature-Extraction,2,2,0.0,0.0,0.0
2026-04-02 10:28:03,703.5,drain,0,Grid-Aggregation,2,2,0.0,0.0,0.0
2026-04-02 10:28:03,703.5,drain,0,Sink: GridSummary-Sink,2,2,0.0,0.0,0.0
2026-04-02 10:28:03,703.5,drain,0,Sink: EventFeature-Sink,2,2,0.0,0.0,0.0
2026-04-02 10:28:08,708.6,drain,0,Source: RocketMQ-Source,2,2,0.0,0.0,0.0
2026-04-02 10:28:08,708.6,drain,0,Watermark-Assigner,2,2,0.0,0.0,0.0
2026-04-02 10:28:08,708.6,drain,0,Hardware-Filter,2,2,0.0,0.0,0.0
2026-04-02 10:28:08,708.6,drain,0,Signal-Extraction,2,2,0.0,0.0,0.0
2026-04-02 10:28:08,708.6,drain,0,Feature-Extraction,2,2,0.0,0.0,0.0
2026-04-02 10:28:08,708.6,drain,0,Grid-Aggregation,2,2,0.0,0.0,0.0
2026-04-02 10:28:08,708.6,drain,0,Sink: GridSummary-Sink,2,2,0.0,0.0,0.0
2026-04-02 10:28:08,708.6,drain,0,Sink: EventFeature-Sink,2,2,0.0,0.0,0.0
2026-04-02 10:28:13,713.6,drain,0,Source: RocketMQ-Source,2,2,0.0,0.0,0.0
2026-04-02 10:28:13,713.6,drain,0,Watermark-Assigner,2,2,0.0,0.0,0.0
2026-04-02 10:28:13,713.6,drain,0,Hardware-Filter,2,2,0.0,0.0,0.0
2026-04-02 10:28:13,713.6,drain,0,Signal-Extraction,2,2,0.0,0.0,0.0
2026-04-02 10:28:13,713.6,drain,0,Feature-Extraction,2,2,0.0,0.0,0.0
2026-04-02 10:28:13,713.6,drain,0,Grid-Aggregation,2,2,0.0,0.0,0.0
2026-04-02 10:28:13,713.6,drain,0,Sink: GridSummary-Sink,2,2,0.0,0.0,0.0
2026-04-02 10:28:13,713.6,drain,0,Sink: EventFeature-Sink,2,2,0.0,0.0,0.0
2026-04-02 10:28:18,718.6,drain,0,Source: RocketMQ-Source,2,2,0.0,0.0,0.0
2026-04-02 10:28:18,718.6,drain,0,Watermark-Assigner,2,2,0.0,0.0,0.0
2026-04-02 10:28:18,718.6,drain,0,Hardware-Filter,2,2,0.0,0.0,0.0
2026-04-02 10:28:18,718.6,drain,0,Signal-Extraction,2,2,0.0,0.0,0.0
2026-04-02 10:28:18,718.6,drain,0,Feature-Extraction,2,2,0.0,0.0,0.0
2026-04-02 10:28:18,718.6,drain,0,Grid-Aggregation,2,2,0.0,0.0,0.0
2026-04-02 10:28:18,718.6,drain,0,Sink: GridSummary-Sink,2,2,0.0,0.0,0.0
2026-04-02 10:28:18,718.6,drain,0,Sink: EventFeature-Sink,2,2,0.0,0.0,0.0
2026-04-02 10:28:23,723.6,drain,0,Source: RocketMQ-Source,2,2,0.0,0.0,0.0
2026-04-02 10:28:23,723.6,drain,0,Watermark-Assigner,2,2,0.0,0.0,0.0
2026-04-02 10:28:23,723.6,drain,0,Hardware-Filter,2,2,0.0,0.0,0.0
2026-04-02 10:28:23,723.6,drain,0,Signal-Extraction,2,2,0.0,0.0,0.0
2026-04-02 10:28:23,723.6,drain,0,Feature-Extraction,2,2,0.0,0.0,0.0
2026-04-02 10:28:23,723.6,drain,0,Grid-Aggregation,2,2,0.0,0.0,0.0
2026-04-02 10:28:23,723.6,drain,0,Sink: GridSummary-Sink,2,2,0.0,0.0,0.0
2026-04-02 10:28:23,723.6,drain,0,Sink: EventFeature-Sink,2,2,0.0,0.0,0.0
2026-04-02 10:28:28,728.7,drain,0,Source: RocketMQ-Source,2,2,0.0,0.0,0.0
2026-04-02 10:28:28,728.7,drain,0,Watermark-Assigner,2,2,0.0,0.0,0.0
2026-04-02 10:28:28,728.7,drain,0,Hardware-Filter,2,2,0.0,0.0,0.0
2026-04-02 10:28:28,728.7,drain,0,Signal-Extraction,2,2,0.0,0.0,0.0
2026-04-02 10:28:28,728.7,drain,0,Feature-Extraction,2,2,0.0,0.0,0.0
2026-04-02 10:28:28,728.7,drain,0,Grid-Aggregation,2,2,0.0,0.0,0.0
2026-04-02 10:28:28,728.7,drain,0,Sink: GridSummary-Sink,2,2,0.0,0.0,0.0
2026-04-02 10:28:28,728.7,drain,0,Sink: EventFeature-Sink,2,2,0.0,0.0,0.0
2026-04-02 10:28:33,733.7,drain,0,Source: RocketMQ-Source,2,2,0.0,0.0,0.0
2026-04-02 10:28:33,733.7,drain,0,Watermark-Assigner,2,2,0.0,0.0,0.0
2026-04-02 10:28:33,733.7,drain,0,Hardware-Filter,2,2,0.0,0.0,0.0
2026-04-02 10:28:33,733.7,drain,0,Signal-Extraction,2,2,0.0,0.0,0.0
2026-04-02 10:28:33,733.7,drain,0,Feature-Extraction,2,2,0.0,0.0,0.0
2026-04-02 10:28:33,733.7,drain,0,Grid-Aggregation,2,2,0.0,0.0,0.0
2026-04-02 10:28:33,733.7,drain,0,Sink: GridSummary-Sink,2,2,0.0,0.0,0.0
2026-04-02 10:28:33,733.7,drain,0,Sink: EventFeature-Sink,2,2,0.0,0.0,0.0
2026-04-02 10:28:38,738.7,drain,0,Source: RocketMQ-Source,2,2,0.0,0.0,0.0
2026-04-02 10:28:38,738.7,drain,0,Watermark-Assigner,2,2,0.0,0.0,0.0
2026-04-02 10:28:38,738.7,drain,0,Hardware-Filter,2,2,0.0,0.0,0.0
2026-04-02 10:28:38,738.7,drain,0,Signal-Extraction,2,2,0.0,0.0,0.0
2026-04-02 10:28:38,738.7,drain,0,Feature-Extraction,2,2,0.0,0.0,0.0
2026-04-02 10:28:38,738.7,drain,0,Grid-Aggregation,2,2,0.0,0.0,0.0
2026-04-02 10:28:38,738.7,drain,0,Sink: GridSummary-Sink,2,2,0.0,0.0,0.0
2026-04-02 10:28:38,738.7,drain,0,Sink: EventFeature-Sink,2,2,0.0,0.0,0.0
2026-04-02 10:28:43,743.7,drain,0,Source: RocketMQ-Source,2,2,0.0,0.0,0.0
2026-04-02 10:28:43,743.7,drain,0,Watermark-Assigner,2,2,0.0,0.0,0.0
2026-04-02 10:28:43,743.7,drain,0,Hardware-Filter,2,2,0.0,0.0,0.0
2026-04-02 10:28:43,743.7,drain,0,Signal-Extraction,2,2,0.0,0.0,0.0
2026-04-02 10:28:43,743.7,drain,0,Feature-Extraction,2,2,0.0,0.0,0.0
2026-04-02 10:28:43,743.7,drain,0,Grid-Aggregation,2,2,0.0,0.0,0.0
2026-04-02 10:28:43,743.7,drain,0,Sink: GridSummary-Sink,2,2,0.0,0.0,0.0
2026-04-02 10:28:43,743.7,drain,0,Sink: EventFeature-Sink,2,2,0.0,0.0,0.0
2026-04-02 10:28:48,748.7,drain,0,Source: RocketMQ-Source,2,2,0.0,0.0,0.0
2026-04-02 10:28:48,748.7,drain,0,Watermark-Assigner,2,2,0.0,0.0,0.0
2026-04-02 10:28:48,748.7,drain,0,Hardware-Filter,2,2,0.0,0.0,0.0
2026-04-02 10:28:48,748.7,drain,0,Signal-Extraction,2,2,0.0,0.0,0.0
2026-04-02 10:28:48,748.7,drain,0,Feature-Extraction,2,2,0.0,0.0,0.0
2026-04-02 10:28:48,748.7,drain,0,Grid-Aggregation,2,2,0.0,0.0,0.0
2026-04-02 10:28:48,748.7,drain,0,Sink: GridSummary-Sink,2,2,0.0,0.0,0.0
2026-04-02 10:28:48,748.7,drain,0,Sink: EventFeature-Sink,2,2,0.0,0.0,0.0
2026-04-02 10:28:53,753.7,drain,0,Source: RocketMQ-Source,2,2,0.0,0.0,0.0
2026-04-02 10:28:53,753.7,drain,0,Watermark-Assigner,2,2,0.0,0.0,0.0
2026-04-02 10:28:53,753.7,drain,0,Hardware-Filter,2,2,0.0,0.0,0.0
2026-04-02 10:28:53,753.7,drain,0,Signal-Extraction,2,2,0.0,0.0,0.0
2026-04-02 10:28:53,753.7,drain,0,Feature-Extraction,2,2,0.0,0.0,0.0
2026-04-02 10:28:53,753.7,drain,0,Grid-Aggregation,2,2,0.0,0.0,0.0
2026-04-02 10:28:53,753.7,drain,0,Sink: GridSummary-Sink,2,2,0.0,0.0,0.0
2026-04-02 10:28:53,753.7,drain,0,Sink: EventFeature-Sink,2,2,0.0,0.0,0.0
2026-04-02 10:28:58,758.8,drain,0,Source: RocketMQ-Source,2,2,0.0,0.0,0.0
2026-04-02 10:28:58,758.8,drain,0,Watermark-Assigner,2,2,0.0,0.0,0.0
2026-04-02 10:28:58,758.8,drain,0,Hardware-Filter,2,2,0.0,0.0,0.0
2026-04-02 10:28:58,758.8,drain,0,Signal-Extraction,2,2,0.0,0.0,0.0
2026-04-02 10:28:58,758.8,drain,0,Feature-Extraction,2,2,0.0,0.0,0.0
2026-04-02 10:28:58,758.8,drain,0,Grid-Aggregation,2,2,0.0,0.0,0.0
2026-04-02 10:28:58,758.8,drain,0,Sink: GridSummary-Sink,2,2,0.0,0.0,0.0
2026-04-02 10:28:58,758.8,drain,0,Sink: EventFeature-Sink,2,2,0.0,0.0,0.0
2026-04-02 10:29:03,763.8,drain,0,Source: RocketMQ-Source,2,2,0.0,0.0,0.0
2026-04-02 10:29:03,763.8,drain,0,Watermark-Assigner,2,2,0.0,0.0,0.0
2026-04-02 10:29:03,763.8,drain,0,Hardware-Filter,2,2,0.0,0.0,0.0
2026-04-02 10:29:03,763.8,drain,0,Signal-Extraction,2,2,0.0,0.0,0.0
2026-04-02 10:29:03,763.8,drain,0,Feature-Extraction,2,2,0.0,0.0,0.0
2026-04-02 10:29:03,763.8,drain,0,Grid-Aggregation,2,2,0.0,0.0,0.0
2026-04-02 10:29:03,763.8,drain,0,Sink: GridSummary-Sink,2,2,0.0,0.0,0.0
2026-04-02 10:29:03,763.8,drain,0,Sink: EventFeature-Sink,2,2,0.0,0.0,0.0
2026-04-02 10:29:08,768.8,drain,0,Source: RocketMQ-Source,2,2,0.0,0.0,0.0
2026-04-02 10:29:08,768.8,drain,0,Watermark-Assigner,2,2,0.0,0.0,0.0
2026-04-02 10:29:08,768.8,drain,0,Hardware-Filter,2,2,0.0,0.0,0.0
2026-04-02 10:29:08,768.8,drain,0,Signal-Extraction,2,2,0.0,0.0,0.0
2026-04-02 10:29:08,768.8,drain,0,Feature-Extraction,2,2,0.0,0.0,0.0
2026-04-02 10:29:08,768.8,drain,0,Grid-Aggregation,2,2,0.0,0.0,0.0
2026-04-02 10:29:08,768.8,drain,0,Sink: GridSummary-Sink,2,2,0.0,0.0,0.0
2026-04-02 10:29:08,768.8,drain,0,Sink: EventFeature-Sink,2,2,0.0,0.0,0.0
2026-04-02 10:29:13,773.8,drain,0,Source: RocketMQ-Source,2,2,0.0,0.0,0.0
2026-04-02 10:29:13,773.8,drain,0,Watermark-Assigner,2,2,0.0,0.0,0.0
2026-04-02 10:29:13,773.8,drain,0,Hardware-Filter,2,2,0.0,0.0,0.0
2026-04-02 10:29:13,773.8,drain,0,Signal-Extraction,2,2,0.0,0.0,0.0
2026-04-02 10:29:13,773.8,drain,0,Feature-Extraction,2,2,0.0,0.0,0.0
2026-04-02 10:29:13,773.8,drain,0,Grid-Aggregation,2,2,0.0,0.0,0.0
2026-04-02 10:29:13,773.8,drain,0,Sink: GridSummary-Sink,2,2,0.0,0.0,0.0
2026-04-02 10:29:13,773.8,drain,0,Sink: EventFeature-Sink,2,2,0.0,0.0,0.0
2026-04-02 10:29:18,778.8,drain,0,Source: RocketMQ-Source,2,2,0.0,0.0,0.0
2026-04-02 10:29:18,778.8,drain,0,Watermark-Assigner,2,2,0.0,0.0,0.0
2026-04-02 10:29:18,778.8,drain,0,Hardware-Filter,2,2,0.0,0.0,0.0
2026-04-02 10:29:18,778.8,drain,0,Signal-Extraction,2,2,0.0,0.0,0.0
2026-04-02 10:29:18,778.8,drain,0,Feature-Extraction,2,2,0.0,0.0,0.0
2026-04-02 10:29:18,778.8,drain,0,Grid-Aggregation,2,2,0.0,0.0,0.0
2026-04-02 10:29:18,778.8,drain,0,Sink: GridSummary-Sink,2,2,0.0,0.0,0.0
2026-04-02 10:29:18,778.8,drain,0,Sink: EventFeature-Sink,2,2,0.0,0.0,0.0
